-- phpMyAdmin SQL Dump
-- version 5.0.2
-- https://www.phpmyadmin.net/
--
-- Servidor: 127.0.0.1
-- Tiempo de generación: 05-09-2025 a las 11:13:44
-- Versión del servidor: 10.4.13-MariaDB
-- Versión de PHP: 7.4.7

SET SQL_MODE = "NO_AUTO_VALUE_ON_ZERO";
START TRANSACTION;
SET time_zone = "+00:00";


/*!40101 SET @OLD_CHARACTER_SET_CLIENT=@@CHARACTER_SET_CLIENT */;
/*!40101 SET @OLD_CHARACTER_SET_RESULTS=@@CHARACTER_SET_RESULTS */;
/*!40101 SET @OLD_COLLATION_CONNECTION=@@COLLATION_CONNECTION */;
/*!40101 SET NAMES utf8mb4 */;

--
-- Base de datos: `ser_rh`
--

-- --------------------------------------------------------

--
-- Estructura de tabla para la tabla `asistencia_colaborador`
--

CREATE TABLE `asistencia_colaborador` (
  `id_asis` int(11) NOT NULL,
  `id_empleado` int(3) NOT NULL,
  `fecha_registro` date NOT NULL,
  `horario` time NOT NULL
) ENGINE=InnoDB DEFAULT CHARSET=utf8;

--
-- Volcado de datos para la tabla `asistencia_colaborador`
--

INSERT INTO `asistencia_colaborador` (`id_asis`, `id_empleado`, `fecha_registro`, `horario`) VALUES
(1, 11, '2025-08-28', '11:12:39'),
(2, 22, '2025-08-28', '11:29:59'),
(3, 22, '2025-08-28', '11:30:12'),
(4, 27, '2025-08-28', '11:33:42'),
(5, 12, '2025-08-28', '11:50:56'),
(6, 17, '2025-08-28', '15:03:38'),
(7, 14, '2025-08-28', '15:16:12'),
(8, 25, '2025-08-28', '15:32:52'),
(9, 6, '2025-08-28', '15:58:57'),
(10, 24, '2025-08-28', '16:14:19'),
(11, 22, '2025-08-28', '16:17:49'),
(12, 11, '2025-08-28', '16:38:11'),
(13, 27, '2025-08-28', '20:30:53'),
(14, 26, '2025-08-28', '20:31:20'),
(15, 12, '2025-08-28', '20:31:29'),
(16, 17, '2025-08-28', '20:32:02'),
(17, 8, '2025-08-28', '20:33:32'),
(18, 4, '2025-08-28', '20:34:00'),
(19, 14, '2025-08-28', '20:34:15'),
(20, 25, '2025-08-29', '07:20:53'),
(21, 11, '2025-08-29', '08:15:56'),
(22, 27, '2025-08-29', '08:50:42'),
(23, 3, '2025-08-29', '08:54:52'),
(24, 6, '2025-08-29', '09:06:42'),
(25, 6, '2025-08-29', '09:06:42'),
(26, 9, '2025-08-29', '09:50:28'),
(27, 24, '2025-08-29', '10:27:06'),
(28, 5, '2025-08-29', '10:54:54'),
(29, 14, '2025-08-29', '14:58:01'),
(30, 25, '2025-08-29', '15:26:47'),
(31, 4, '2025-08-29', '15:34:55'),
(32, 12, '2025-08-29', '15:39:57'),
(33, 8, '2025-08-29', '15:46:27'),
(34, 6, '2025-08-29', '16:00:59'),
(35, 6, '2025-08-29', '16:01:00'),
(36, 6, '2025-08-29', '16:01:00'),
(37, 6, '2025-08-29', '16:01:00'),
(38, 6, '2025-08-29', '16:01:01'),
(39, 17, '2025-08-29', '16:09:04'),
(40, 5, '2025-08-29', '16:17:19'),
(41, 3, '2025-08-29', '16:17:41'),
(42, 24, '2025-08-29', '16:19:00'),
(43, 11, '2025-08-29', '18:08:11'),
(44, 12, '2025-08-29', '21:00:03'),
(45, 27, '2025-08-29', '21:00:09'),
(46, 8, '2025-08-29', '21:00:15'),
(47, 9, '2025-08-29', '21:00:27'),
(48, 14, '2025-08-29', '21:00:33'),
(49, 17, '2025-08-29', '21:00:41'),
(50, 4, '2025-08-29', '21:03:45'),
(51, 25, '2025-08-30', '07:21:02'),
(52, 25, '2025-08-30', '07:21:04'),
(53, 14, '2025-08-30', '08:19:54'),
(54, 4, '2025-08-30', '08:58:14'),
(55, 12, '2025-08-30', '09:03:35'),
(56, 26, '2025-08-30', '09:05:15'),
(57, 17, '2025-08-30', '09:07:54'),
(58, 6, '2025-08-30', '09:08:35'),
(59, 9, '2025-08-30', '09:10:24'),
(60, 8, '2025-08-30', '09:10:58'),
(61, 24, '2025-08-30', '10:31:08'),
(62, 25, '2025-08-30', '15:28:24'),
(63, 17, '2025-08-30', '15:37:13'),
(64, 14, '2025-08-30', '15:42:21'),
(65, 24, '2025-08-30', '15:46:46'),
(66, 6, '2025-08-30', '15:59:14'),
(67, 12, '2025-08-30', '16:04:31'),
(68, 8, '2025-08-30', '16:04:51'),
(69, 9, '2025-08-30', '16:07:11'),
(70, 4, '2025-08-30', '16:14:39'),
(71, 26, '2025-08-30', '16:15:03'),
(72, 11, '2025-08-31', '08:12:09'),
(73, 11, '2025-08-31', '08:12:10'),
(74, 27, '2025-08-31', '08:52:35'),
(75, 3, '2025-08-31', '09:00:00'),
(76, 5, '2025-08-31', '09:07:59'),
(77, 5, '2025-08-31', '15:00:56'),
(78, 5, '2025-08-31', '15:00:56'),
(79, 27, '2025-08-31', '15:01:05'),
(80, 3, '2025-08-31', '15:01:22'),
(81, 11, '2025-08-31', '15:02:22'),
(82, 25, '2025-09-01', '07:15:03'),
(83, 11, '2025-09-01', '08:14:44'),
(84, 27, '2025-09-01', '08:39:31'),
(85, 6, '2025-09-01', '08:50:42'),
(86, 5, '2025-09-01', '08:53:33'),
(87, 3, '2025-09-01', '09:11:49'),
(88, 24, '2025-09-01', '10:07:11'),
(89, 9, '2025-09-01', '12:52:08'),
(90, 14, '2025-09-01', '15:08:36'),
(91, 25, '2025-09-01', '15:18:41'),
(92, 4, '2025-09-01', '15:22:57'),
(93, 26, '2025-09-01', '15:26:13'),
(94, 12, '2025-09-01', '15:43:54'),
(95, 8, '2025-09-01', '15:49:11'),
(96, 3, '2025-09-01', '15:51:31'),
(97, 17, '2025-09-01', '16:00:06'),
(98, 6, '2025-09-01', '16:02:03'),
(99, 24, '2025-09-01', '16:18:59'),
(100, 5, '2025-09-01', '16:21:24'),
(101, 11, '2025-09-01', '16:56:12'),
(102, 26, '2025-09-01', '21:04:16'),
(103, 27, '2025-09-01', '21:05:03'),
(104, 27, '2025-09-01', '21:05:04'),
(105, 4, '2025-09-01', '21:05:16'),
(106, 9, '2025-09-01', '21:05:35'),
(107, 8, '2025-09-01', '21:06:06'),
(108, 17, '2025-09-01', '21:06:30'),
(109, 12, '2025-09-01', '21:06:54'),
(110, 14, '2025-09-01', '21:21:26'),
(111, 11, '2025-09-02', '08:18:24'),
(112, 27, '2025-09-02', '08:46:39'),
(113, 5, '2025-09-02', '09:13:43'),
(114, 6, '2025-09-02', '09:27:32'),
(115, 3, '2025-09-02', '09:28:45'),
(116, 9, '2025-09-02', '10:05:12'),
(117, 14, '2025-09-02', '15:10:02'),
(118, 11, '2025-09-02', '15:32:42'),
(119, 6, '2025-09-02', '15:58:23'),
(120, 17, '2025-09-02', '16:08:03'),
(121, 5, '2025-09-02', '20:29:53'),
(122, 5, '2025-09-02', '20:29:53'),
(123, 9, '2025-09-02', '20:30:07'),
(124, 3, '2025-09-02', '20:30:15'),
(125, 3, '2025-09-02', '20:30:21'),
(126, 27, '2025-09-02', '20:34:43'),
(127, 14, '2025-09-02', '20:37:09'),
(128, 17, '2025-09-02', '20:40:06'),
(129, 25, '2025-09-03', '07:14:42'),
(130, 11, '2025-09-03', '08:00:59'),
(131, 27, '2025-09-03', '08:50:29'),
(132, 3, '2025-09-03', '08:57:59'),
(133, 5, '2025-09-03', '09:03:58'),
(134, 26, '2025-09-03', '09:06:23'),
(135, 6, '2025-09-03', '09:07:39'),
(136, 14, '2025-09-03', '14:55:32'),
(137, 25, '2025-09-03', '15:21:06'),
(138, 4, '2025-09-03', '15:34:07'),
(139, 12, '2025-09-03', '15:35:11'),
(140, 1, '2025-09-03', '15:36:15'),
(141, 8, '2025-09-03', '15:37:12'),
(142, 3, '2025-09-03', '15:52:19'),
(143, 17, '2025-09-03', '16:00:42'),
(144, 27, '2025-09-03', '16:00:49'),
(145, 26, '2025-09-03', '16:02:00'),
(146, 6, '2025-09-03', '16:06:26'),
(147, 5, '2025-09-03', '16:09:07'),
(148, 24, '2025-09-03', '16:09:15'),
(149, 11, '2025-09-03', '18:24:10'),
(150, 17, '2025-09-03', '21:11:00'),
(151, 1, '2025-09-03', '21:11:07'),
(152, 12, '2025-09-03', '21:14:44'),
(153, 14, '2025-09-03', '21:17:30'),
(154, 8, '2025-09-03', '21:18:03'),
(155, 9, '2025-09-03', '21:19:09'),
(156, 4, '2025-09-03', '21:20:42'),
(157, 25, '2025-09-04', '07:13:12'),
(158, 11, '2025-09-04', '08:12:18'),
(159, 27, '2025-09-04', '08:45:42'),
(160, 12, '2025-09-04', '08:52:45'),
(161, 6, '2025-09-04', '08:57:54'),
(162, 26, '2025-09-04', '09:02:25'),
(163, 8, '2025-09-04', '09:09:09'),
(164, 4, '2025-09-04', '09:12:32'),
(165, 24, '2025-09-04', '10:24:50'),
(166, 25, '2025-09-04', '15:17:39'),
(167, 14, '2025-09-04', '15:28:07'),
(168, 1, '2025-09-04', '15:38:29'),
(169, 6, '2025-09-04', '15:59:44'),
(170, 27, '2025-09-04', '16:00:26'),
(171, 17, '2025-09-04', '16:04:51'),
(172, 24, '2025-09-04', '16:18:28'),
(173, 1, '2025-09-04', '20:34:03'),
(174, 17, '2025-09-04', '20:36:04'),
(175, 14, '2025-09-04', '20:38:51'),
(176, 8, '2025-09-04', '20:40:05'),
(177, 12, '2025-09-04', '20:40:25'),
(178, 26, '2025-09-04', '20:40:53'),
(179, 4, '2025-09-04', '20:42:27'),
(180, 25, '2025-09-05', '07:13:41'),
(181, 11, '2025-09-05', '08:18:08'),
(182, 27, '2025-09-05', '08:49:17'),
(183, 26, '2025-09-05', '08:49:33'),
(184, 3, '2025-09-05', '09:02:26'),
(185, 5, '2025-09-05', '09:04:37'),
(186, 6, '2025-09-05', '09:34:54'),
(187, 9, '2025-09-05', '10:05:48');

-- --------------------------------------------------------

--
-- Estructura de tabla para la tabla `calendario`
--

CREATE TABLE `calendario` (
  `Fecha` date NOT NULL,
  `Contador_Vac` int(1) NOT NULL,
  `Mes` varchar(15) NOT NULL,
  `Anio` int(4) NOT NULL,
  `NumDia` int(2) NOT NULL,
  `Dia` varchar(15) NOT NULL,
  `NumDiaSemana` int(1) NOT NULL,
  `Festivo` int(1) NOT NULL,
  `NumSemana` int(2) NOT NULL,
  `id_colaborador` int(3) DEFAULT NULL,
  `id_colaboradorB` varchar(200) DEFAULT NULL,
  `fecha_solicitud` datetime DEFAULT NULL,
  `id_supervisor` int(3) DEFAULT NULL,
  `fecha_aprobacion` datetime DEFAULT NULL
) ENGINE=InnoDB DEFAULT CHARSET=utf8;

--
-- Volcado de datos para la tabla `calendario`
--

INSERT INTO `calendario` (`Fecha`, `Contador_Vac`, `Mes`, `Anio`, `NumDia`, `Dia`, `NumDiaSemana`, `Festivo`, `NumSemana`, `id_colaborador`, `id_colaboradorB`, `fecha_solicitud`, `id_supervisor`, `fecha_aprobacion`) VALUES
('2025-01-01', 0, 'enero', 2025, 1, 'miércoles', 3, 1, 1, NULL, NULL, NULL, NULL, NULL),
('2025-01-02', 1, 'enero', 2025, 2, 'jueves', 4, 0, 1, NULL, NULL, NULL, NULL, NULL),
('2025-01-03', 1, 'enero', 2025, 3, 'viernes', 5, 0, 1, NULL, NULL, NULL, NULL, NULL),
('2025-01-04', 1, 'enero', 2025, 4, 'sábado', 6, 0, 1, NULL, NULL, NULL, NULL, NULL),
('2025-01-05', 0, 'enero', 2025, 5, 'domingo', 7, 0, 2, NULL, NULL, NULL, NULL, NULL),
('2025-01-06', 1, 'enero', 2025, 6, 'lunes', 1, 0, 2, NULL, NULL, NULL, NULL, NULL),
('2025-01-07', 1, 'enero', 2025, 7, 'martes', 2, 0, 2, NULL, NULL, NULL, NULL, NULL),
('2025-01-08', 1, 'enero', 2025, 8, 'miércoles', 3, 0, 2, NULL, NULL, NULL, NULL, NULL),
('2025-01-09', 1, 'enero', 2025, 9, 'jueves', 4, 0, 2, NULL, NULL, NULL, NULL, NULL),
('2025-01-10', 1, 'enero', 2025, 10, 'viernes', 5, 0, 2, NULL, NULL, NULL, NULL, NULL),
('2025-01-11', 1, 'enero', 2025, 11, 'sábado', 6, 0, 2, NULL, NULL, NULL, NULL, NULL),
('2025-01-12', 0, 'enero', 2025, 12, 'domingo', 7, 0, 3, NULL, NULL, NULL, NULL, NULL),
('2025-01-13', 1, 'enero', 2025, 13, 'lunes', 1, 0, 3, NULL, NULL, NULL, NULL, NULL),
('2025-01-14', 1, 'enero', 2025, 14, 'martes', 2, 0, 3, NULL, NULL, NULL, NULL, NULL),
('2025-01-15', 1, 'enero', 2025, 15, 'miércoles', 3, 0, 3, NULL, NULL, NULL, NULL, NULL),
('2025-01-16', 1, 'enero', 2025, 16, 'jueves', 4, 0, 3, NULL, NULL, NULL, NULL, NULL),
('2025-01-17', 1, 'enero', 2025, 17, 'viernes', 5, 0, 3, NULL, NULL, NULL, NULL, NULL),
('2025-01-18', 1, 'enero', 2025, 18, 'sábado', 6, 0, 3, NULL, NULL, NULL, NULL, NULL),
('2025-01-19', 0, 'enero', 2025, 19, 'domingo', 7, 0, 4, NULL, NULL, NULL, NULL, NULL),
('2025-01-20', 1, 'enero', 2025, 20, 'lunes', 1, 0, 4, NULL, NULL, NULL, NULL, NULL),
('2025-01-21', 1, 'enero', 2025, 21, 'martes', 2, 0, 4, NULL, NULL, NULL, NULL, NULL),
('2025-01-22', 1, 'enero', 2025, 22, 'miércoles', 3, 0, 4, NULL, NULL, NULL, NULL, NULL),
('2025-01-23', 1, 'enero', 2025, 23, 'jueves', 4, 0, 4, NULL, NULL, NULL, NULL, NULL),
('2025-01-24', 1, 'enero', 2025, 24, 'viernes', 5, 0, 4, NULL, NULL, NULL, NULL, NULL),
('2025-01-25', 1, 'enero', 2025, 25, 'sábado', 6, 0, 4, NULL, NULL, NULL, NULL, NULL),
('2025-01-26', 0, 'enero', 2025, 26, 'domingo', 7, 0, 5, NULL, NULL, NULL, NULL, NULL),
('2025-01-27', 1, 'enero', 2025, 27, 'lunes', 1, 0, 5, NULL, NULL, NULL, NULL, NULL),
('2025-01-28', 1, 'enero', 2025, 28, 'martes', 2, 0, 5, NULL, NULL, NULL, NULL, NULL),
('2025-01-29', 1, 'enero', 2025, 29, 'miércoles', 3, 0, 5, NULL, NULL, NULL, NULL, NULL),
('2025-01-30', 1, 'enero', 2025, 30, 'jueves', 4, 0, 5, NULL, NULL, NULL, NULL, NULL),
('2025-01-31', 1, 'enero', 2025, 31, 'viernes', 5, 0, 5, 1, NULL, '2025-03-22 14:50:45', NULL, NULL),
('2025-02-01', 1, 'febrero', 2025, 1, 'sábado', 6, 0, 5, 1, NULL, '2025-03-22 14:50:45', NULL, NULL),
('2025-02-02', 0, 'febrero', 2025, 2, 'domingo', 7, 0, 6, 1, NULL, '2025-03-22 14:50:45', NULL, NULL),
('2025-02-03', 0, 'febrero', 2025, 3, 'lunes', 1, 1, 6, 1, NULL, '2025-03-22 14:50:45', NULL, NULL),
('2025-02-04', 1, 'febrero', 2025, 4, 'martes', 2, 0, 6, 1, NULL, '2025-03-22 14:50:45', NULL, NULL),
('2025-02-05', 1, 'febrero', 2025, 5, 'miércoles', 3, 0, 6, 1, NULL, '2025-03-22 14:50:45', NULL, NULL),
('2025-02-06', 1, 'febrero', 2025, 6, 'jueves', 4, 0, 6, 1, NULL, '2025-03-22 14:50:45', NULL, NULL),
('2025-02-07', 1, 'febrero', 2025, 7, 'viernes', 5, 0, 6, 1, NULL, '2025-03-22 14:50:45', NULL, NULL),
('2025-02-08', 1, 'febrero', 2025, 8, 'sábado', 6, 0, 6, 1, NULL, '2025-03-22 14:50:45', NULL, NULL),
('2025-02-09', 0, 'febrero', 2025, 9, 'domingo', 7, 0, 7, 1, NULL, '2025-03-22 14:50:45', NULL, NULL),
('2025-02-10', 1, 'febrero', 2025, 10, 'lunes', 1, 0, 7, 1, NULL, '2025-03-22 14:50:45', NULL, NULL),
('2025-02-11', 1, 'febrero', 2025, 11, 'martes', 2, 0, 7, 1, NULL, '2025-03-22 14:50:45', NULL, NULL),
('2025-02-12', 1, 'febrero', 2025, 12, 'miércoles', 3, 0, 7, 1, NULL, '2025-03-22 14:50:45', NULL, NULL),
('2025-02-13', 1, 'febrero', 2025, 13, 'jueves', 4, 0, 7, NULL, NULL, NULL, NULL, NULL),
('2025-02-14', 1, 'febrero', 2025, 14, 'viernes', 5, 0, 7, NULL, NULL, NULL, NULL, NULL),
('2025-02-15', 1, 'febrero', 2025, 15, 'sábado', 6, 0, 7, NULL, NULL, NULL, NULL, NULL),
('2025-02-16', 0, 'febrero', 2025, 16, 'domingo', 7, 0, 8, NULL, NULL, NULL, NULL, NULL),
('2025-02-17', 1, 'febrero', 2025, 17, 'lunes', 1, 0, 8, NULL, NULL, NULL, NULL, NULL),
('2025-02-18', 1, 'febrero', 2025, 18, 'martes', 2, 0, 8, NULL, NULL, NULL, NULL, NULL),
('2025-02-19', 1, 'febrero', 2025, 19, 'miércoles', 3, 0, 8, NULL, NULL, NULL, NULL, NULL),
('2025-02-20', 1, 'febrero', 2025, 20, 'jueves', 4, 0, 8, NULL, NULL, NULL, NULL, NULL),
('2025-02-21', 1, 'febrero', 2025, 21, 'viernes', 5, 0, 8, NULL, NULL, NULL, NULL, NULL),
('2025-02-22', 1, 'febrero', 2025, 22, 'sábado', 6, 0, 8, NULL, NULL, NULL, NULL, NULL),
('2025-02-23', 0, 'febrero', 2025, 23, 'domingo', 7, 0, 9, NULL, NULL, NULL, NULL, NULL),
('2025-02-24', 1, 'febrero', 2025, 24, 'lunes', 1, 0, 9, NULL, NULL, NULL, NULL, NULL),
('2025-02-25', 1, 'febrero', 2025, 25, 'martes', 2, 0, 9, NULL, NULL, NULL, NULL, NULL),
('2025-02-26', 1, 'febrero', 2025, 26, 'miércoles', 3, 0, 9, NULL, NULL, NULL, NULL, NULL),
('2025-02-27', 1, 'febrero', 2025, 27, 'jueves', 4, 0, 9, NULL, NULL, NULL, NULL, NULL),
('2025-02-28', 1, 'febrero', 2025, 28, 'viernes', 5, 0, 9, NULL, NULL, NULL, NULL, NULL),
('2025-03-01', 1, 'marzo', 2025, 1, 'sábado', 6, 0, 9, NULL, NULL, NULL, NULL, NULL),
('2025-03-02', 0, 'marzo', 2025, 2, 'domingo', 7, 0, 10, NULL, NULL, NULL, NULL, NULL),
('2025-03-03', 1, 'marzo', 2025, 3, 'lunes', 1, 0, 10, NULL, NULL, NULL, NULL, NULL),
('2025-03-04', 1, 'marzo', 2025, 4, 'martes', 2, 0, 10, NULL, NULL, NULL, NULL, NULL),
('2025-03-05', 1, 'marzo', 2025, 5, 'miércoles', 3, 0, 10, NULL, NULL, NULL, NULL, NULL),
('2025-03-06', 1, 'marzo', 2025, 6, 'jueves', 4, 0, 10, NULL, NULL, NULL, NULL, NULL),
('2025-03-07', 1, 'marzo', 2025, 7, 'viernes', 5, 0, 10, NULL, NULL, NULL, NULL, NULL),
('2025-03-08', 1, 'marzo', 2025, 8, 'sábado', 6, 0, 10, NULL, NULL, NULL, NULL, NULL),
('2025-03-09', 0, 'marzo', 2025, 9, 'domingo', 7, 0, 11, NULL, NULL, NULL, NULL, NULL),
('2025-03-10', 1, 'marzo', 2025, 10, 'lunes', 1, 0, 11, NULL, NULL, NULL, NULL, NULL),
('2025-03-11', 1, 'marzo', 2025, 11, 'martes', 2, 0, 11, NULL, NULL, NULL, NULL, NULL),
('2025-03-12', 1, 'marzo', 2025, 12, 'miércoles', 3, 0, 11, NULL, NULL, NULL, NULL, NULL),
('2025-03-13', 1, 'marzo', 2025, 13, 'jueves', 4, 0, 11, NULL, NULL, NULL, NULL, NULL),
('2025-03-14', 1, 'marzo', 2025, 14, 'viernes', 5, 0, 11, NULL, NULL, NULL, NULL, NULL),
('2025-03-15', 1, 'marzo', 2025, 15, 'sábado', 6, 0, 11, NULL, NULL, NULL, NULL, NULL),
('2025-03-16', 0, 'marzo', 2025, 16, 'domingo', 7, 0, 12, NULL, NULL, NULL, NULL, NULL),
('2025-03-17', 0, 'marzo', 2025, 17, 'lunes', 1, 1, 12, NULL, NULL, NULL, NULL, NULL),
('2025-03-18', 1, 'marzo', 2025, 18, 'martes', 2, 0, 12, NULL, NULL, NULL, NULL, NULL),
('2025-03-19', 1, 'marzo', 2025, 19, 'miércoles', 3, 0, 12, NULL, NULL, NULL, NULL, NULL),
('2025-03-20', 1, 'marzo', 2025, 20, 'jueves', 4, 0, 12, NULL, NULL, NULL, NULL, NULL),
('2025-03-21', 1, 'marzo', 2025, 21, 'viernes', 5, 0, 12, NULL, NULL, NULL, NULL, NULL),
('2025-03-22', 1, 'marzo', 2025, 22, 'sábado', 6, 0, 12, NULL, NULL, NULL, NULL, NULL),
('2025-03-23', 0, 'marzo', 2025, 23, 'domingo', 7, 0, 13, NULL, NULL, NULL, NULL, NULL),
('2025-03-24', 1, 'marzo', 2025, 24, 'lunes', 1, 0, 13, NULL, NULL, NULL, NULL, NULL),
('2025-03-25', 1, 'marzo', 2025, 25, 'martes', 2, 0, 13, 4, NULL, '2025-03-22 15:29:53', NULL, NULL),
('2025-03-26', 1, 'marzo', 2025, 26, 'miércoles', 3, 0, 13, 4, NULL, '2025-03-22 15:29:53', NULL, NULL),
('2025-03-27', 1, 'marzo', 2025, 27, 'jueves', 4, 0, 13, 4, NULL, '2025-03-22 15:29:53', NULL, NULL),
('2025-03-28', 1, 'marzo', 2025, 28, 'viernes', 5, 0, 13, 4, NULL, '2025-03-22 15:29:53', NULL, NULL),
('2025-03-29', 1, 'marzo', 2025, 29, 'sábado', 6, 0, 13, 4, NULL, '2025-03-22 15:29:53', NULL, NULL),
('2025-03-30', 0, 'marzo', 2025, 30, 'domingo', 7, 0, 14, NULL, NULL, NULL, NULL, NULL),
('2025-03-31', 1, 'marzo', 2025, 31, 'lunes', 1, 0, 14, NULL, NULL, NULL, NULL, NULL),
('2025-04-01', 1, 'abril', 2025, 1, 'martes', 2, 0, 14, NULL, NULL, NULL, NULL, NULL),
('2025-04-02', 1, 'abril', 2025, 2, 'miércoles', 3, 0, 14, NULL, NULL, NULL, NULL, NULL),
('2025-04-03', 1, 'abril', 2025, 3, 'jueves', 4, 0, 14, NULL, NULL, NULL, NULL, NULL),
('2025-04-04', 1, 'abril', 2025, 4, 'viernes', 5, 0, 14, NULL, NULL, NULL, NULL, NULL),
('2025-04-05', 1, 'abril', 2025, 5, 'sábado', 6, 0, 14, NULL, NULL, NULL, NULL, NULL),
('2025-04-06', 0, 'abril', 2025, 6, 'domingo', 7, 0, 15, NULL, NULL, NULL, NULL, NULL),
('2025-04-07', 1, 'abril', 2025, 7, 'lunes', 1, 0, 15, NULL, NULL, NULL, NULL, NULL),
('2025-04-08', 1, 'abril', 2025, 8, 'martes', 2, 0, 15, NULL, NULL, NULL, NULL, NULL),
('2025-04-09', 1, 'abril', 2025, 9, 'miércoles', 3, 0, 15, NULL, NULL, NULL, NULL, NULL),
('2025-04-10', 1, 'abril', 2025, 10, 'jueves', 4, 0, 15, NULL, NULL, NULL, NULL, NULL),
('2025-04-11', 1, 'abril', 2025, 11, 'viernes', 5, 0, 15, NULL, NULL, NULL, NULL, NULL),
('2025-04-12', 1, 'abril', 2025, 12, 'sábado', 6, 0, 15, NULL, NULL, NULL, NULL, NULL),
('2025-04-13', 0, 'abril', 2025, 13, 'domingo', 7, 0, 16, NULL, NULL, NULL, NULL, NULL),
('2025-04-14', 1, 'abril', 2025, 14, 'lunes', 1, 0, 16, NULL, NULL, NULL, NULL, NULL),
('2025-04-15', 1, 'abril', 2025, 15, 'martes', 2, 0, 16, NULL, NULL, NULL, NULL, NULL),
('2025-04-16', 1, 'abril', 2025, 16, 'miércoles', 3, 0, 16, NULL, NULL, NULL, NULL, NULL),
('2025-04-17', 1, 'abril', 2025, 17, 'jueves', 4, 0, 16, NULL, NULL, NULL, NULL, NULL),
('2025-04-18', 1, 'abril', 2025, 18, 'viernes', 5, 0, 16, NULL, NULL, NULL, NULL, NULL),
('2025-04-19', 1, 'abril', 2025, 19, 'sábado', 6, 0, 16, NULL, NULL, NULL, NULL, NULL),
('2025-04-20', 0, 'abril', 2025, 20, 'domingo', 7, 0, 17, NULL, NULL, NULL, NULL, NULL),
('2025-04-21', 1, 'abril', 2025, 21, 'lunes', 1, 0, 17, 1, NULL, '2025-03-22 14:58:27', NULL, NULL),
('2025-04-22', 1, 'abril', 2025, 22, 'martes', 2, 0, 17, 1, NULL, '2025-03-22 14:58:27', NULL, NULL),
('2025-04-23', 1, 'abril', 2025, 23, 'miércoles', 3, 0, 17, 1, NULL, '2025-03-22 14:58:27', NULL, NULL),
('2025-04-24', 1, 'abril', 2025, 24, 'jueves', 4, 0, 17, 1, NULL, '2025-03-22 14:58:27', NULL, NULL),
('2025-04-25', 1, 'abril', 2025, 25, 'viernes', 5, 0, 17, 1, NULL, '2025-03-22 14:58:27', NULL, NULL),
('2025-04-26', 1, 'abril', 2025, 26, 'sábado', 6, 0, 17, 1, NULL, '2025-03-22 14:58:27', NULL, NULL),
('2025-04-27', 0, 'abril', 2025, 27, 'domingo', 7, 0, 18, NULL, NULL, NULL, NULL, NULL),
('2025-04-28', 1, 'abril', 2025, 28, 'lunes', 1, 0, 18, NULL, NULL, NULL, NULL, NULL),
('2025-04-29', 1, 'abril', 2025, 29, 'martes', 2, 0, 18, NULL, NULL, NULL, NULL, NULL),
('2025-04-30', 1, 'abril', 2025, 30, 'miércoles', 3, 0, 18, NULL, NULL, NULL, NULL, NULL),
('2025-05-01', 0, 'mayo', 2025, 1, 'jueves', 4, 1, 18, NULL, NULL, NULL, NULL, NULL),
('2025-05-02', 1, 'mayo', 2025, 2, 'viernes', 5, 0, 18, NULL, NULL, NULL, NULL, NULL),
('2025-05-03', 1, 'mayo', 2025, 3, 'sábado', 6, 0, 18, NULL, NULL, NULL, NULL, NULL),
('2025-05-04', 0, 'mayo', 2025, 4, 'domingo', 7, 0, 19, NULL, NULL, NULL, NULL, NULL),
('2025-05-05', 1, 'mayo', 2025, 5, 'lunes', 1, 0, 19, NULL, NULL, NULL, NULL, NULL),
('2025-05-06', 1, 'mayo', 2025, 6, 'martes', 2, 0, 19, NULL, NULL, NULL, NULL, NULL),
('2025-05-07', 1, 'mayo', 2025, 7, 'miércoles', 3, 0, 19, 4, NULL, '2025-03-22 15:35:08', NULL, NULL),
('2025-05-08', 1, 'mayo', 2025, 8, 'jueves', 4, 0, 19, 4, NULL, '2025-03-22 15:35:08', NULL, NULL),
('2025-05-09', 1, 'mayo', 2025, 9, 'viernes', 5, 0, 19, 4, NULL, '2025-03-22 15:35:08', NULL, NULL),
('2025-05-10', 1, 'mayo', 2025, 10, 'sábado', 6, 0, 19, 4, NULL, '2025-03-22 15:35:08', NULL, NULL),
('2025-05-11', 0, 'mayo', 2025, 11, 'domingo', 7, 0, 20, 4, NULL, '2025-03-22 15:35:08', NULL, NULL),
('2025-05-12', 1, 'mayo', 2025, 12, 'lunes', 1, 0, 20, 4, NULL, '2025-03-22 15:35:08', NULL, NULL),
('2025-05-13', 1, 'mayo', 2025, 13, 'martes', 2, 0, 20, 4, NULL, '2025-03-22 15:35:08', NULL, NULL),
('2025-05-14', 1, 'mayo', 2025, 14, 'miércoles', 3, 0, 20, 4, NULL, '2025-03-22 15:35:08', NULL, NULL),
('2025-05-15', 1, 'mayo', 2025, 15, 'jueves', 4, 0, 20, 4, NULL, '2025-03-22 15:35:08', NULL, NULL),
('2025-05-16', 1, 'mayo', 2025, 16, 'viernes', 5, 0, 20, 4, NULL, '2025-03-22 15:35:08', NULL, NULL),
('2025-05-17', 1, 'mayo', 2025, 17, 'sábado', 6, 0, 20, 4, NULL, '2025-03-22 15:35:08', NULL, NULL),
('2025-05-18', 0, 'mayo', 2025, 18, 'domingo', 7, 0, 21, 4, NULL, '2025-03-22 15:35:08', NULL, NULL),
('2025-05-19', 1, 'mayo', 2025, 19, 'lunes', 1, 0, 21, 1, NULL, '2025-03-22 14:59:29', NULL, NULL),
('2025-05-20', 1, 'mayo', 2025, 20, 'martes', 2, 0, 21, 1, NULL, '2025-03-22 14:59:29', NULL, NULL),
('2025-05-21', 1, 'mayo', 2025, 21, 'miércoles', 3, 0, 21, 1, NULL, '2025-03-22 14:59:29', NULL, NULL),
('2025-05-22', 1, 'mayo', 2025, 22, 'jueves', 4, 0, 21, 1, NULL, '2025-03-22 14:59:29', NULL, NULL),
('2025-05-23', 1, 'mayo', 2025, 23, 'viernes', 5, 0, 21, 1, NULL, '2025-03-22 14:59:29', NULL, NULL),
('2025-05-24', 1, 'mayo', 2025, 24, 'sábado', 6, 0, 21, 1, NULL, '2025-03-22 14:59:29', NULL, NULL),
('2025-05-25', 0, 'mayo', 2025, 25, 'domingo', 7, 0, 22, 1, NULL, '2025-03-22 14:59:29', NULL, NULL),
('2025-05-26', 1, 'mayo', 2025, 26, 'lunes', 1, 0, 22, 1, NULL, '2025-03-22 14:59:29', NULL, NULL),
('2025-05-27', 1, 'mayo', 2025, 27, 'martes', 2, 0, 22, 1, NULL, '2025-03-22 14:59:29', NULL, NULL),
('2025-05-28', 1, 'mayo', 2025, 28, 'miércoles', 3, 0, 22, 1, NULL, '2025-03-22 14:59:29', NULL, NULL),
('2025-05-29', 1, 'mayo', 2025, 29, 'jueves', 4, 0, 22, 1, NULL, '2025-03-22 14:59:29', NULL, NULL),
('2025-05-30', 1, 'mayo', 2025, 30, 'viernes', 5, 0, 22, NULL, NULL, NULL, NULL, NULL),
('2025-05-31', 1, 'mayo', 2025, 31, 'sábado', 6, 0, 22, NULL, NULL, NULL, NULL, NULL),
('2025-06-01', 0, 'junio', 2025, 1, 'domingo', 7, 0, 23, NULL, NULL, NULL, NULL, NULL),
('2025-06-02', 1, 'junio', 2025, 2, 'lunes', 1, 0, 23, NULL, NULL, NULL, NULL, NULL),
('2025-06-03', 1, 'junio', 2025, 3, 'martes', 2, 0, 23, NULL, NULL, NULL, NULL, NULL),
('2025-06-04', 1, 'junio', 2025, 4, 'miércoles', 3, 0, 23, NULL, NULL, NULL, NULL, NULL),
('2025-06-05', 1, 'junio', 2025, 5, 'jueves', 4, 0, 23, NULL, NULL, NULL, NULL, NULL),
('2025-06-06', 1, 'junio', 2025, 6, 'viernes', 5, 0, 23, NULL, NULL, NULL, NULL, NULL),
('2025-06-07', 1, 'junio', 2025, 7, 'sábado', 6, 0, 23, NULL, NULL, NULL, NULL, NULL),
('2025-06-08', 0, 'junio', 2025, 8, 'domingo', 7, 0, 24, NULL, NULL, NULL, NULL, NULL),
('2025-06-09', 1, 'junio', 2025, 9, 'lunes', 1, 0, 24, NULL, NULL, NULL, NULL, NULL),
('2025-06-10', 1, 'junio', 2025, 10, 'martes', 2, 0, 24, NULL, NULL, NULL, NULL, NULL),
('2025-06-11', 1, 'junio', 2025, 11, 'miércoles', 3, 0, 24, NULL, NULL, NULL, NULL, NULL),
('2025-06-12', 1, 'junio', 2025, 12, 'jueves', 4, 0, 24, NULL, NULL, NULL, NULL, NULL),
('2025-06-13', 1, 'junio', 2025, 13, 'viernes', 5, 0, 24, NULL, NULL, NULL, NULL, NULL),
('2025-06-14', 1, 'junio', 2025, 14, 'sábado', 6, 0, 24, NULL, NULL, NULL, NULL, NULL),
('2025-06-15', 0, 'junio', 2025, 15, 'domingo', 7, 0, 25, NULL, NULL, NULL, NULL, NULL),
('2025-06-16', 1, 'junio', 2025, 16, 'lunes', 1, 0, 25, NULL, NULL, NULL, NULL, NULL),
('2025-06-17', 1, 'junio', 2025, 17, 'martes', 2, 0, 25, NULL, NULL, NULL, NULL, NULL),
('2025-06-18', 1, 'junio', 2025, 18, 'miércoles', 3, 0, 25, NULL, NULL, NULL, NULL, NULL),
('2025-06-19', 1, 'junio', 2025, 19, 'jueves', 4, 0, 25, NULL, NULL, NULL, NULL, NULL),
('2025-06-20', 1, 'junio', 2025, 20, 'viernes', 5, 0, 25, NULL, NULL, NULL, NULL, NULL),
('2025-06-21', 1, 'junio', 2025, 21, 'sábado', 6, 0, 25, NULL, NULL, NULL, NULL, NULL),
('2025-06-22', 0, 'junio', 2025, 22, 'domingo', 7, 0, 26, NULL, NULL, NULL, NULL, NULL),
('2025-06-23', 1, 'junio', 2025, 23, 'lunes', 1, 0, 26, NULL, NULL, NULL, NULL, NULL),
('2025-06-24', 1, 'junio', 2025, 24, 'martes', 2, 0, 26, NULL, NULL, NULL, NULL, NULL),
('2025-06-25', 1, 'junio', 2025, 25, 'miércoles', 3, 0, 26, NULL, NULL, NULL, NULL, NULL),
('2025-06-26', 1, 'junio', 2025, 26, 'jueves', 4, 0, 26, NULL, NULL, NULL, NULL, NULL),
('2025-06-27', 1, 'junio', 2025, 27, 'viernes', 5, 0, 26, NULL, NULL, NULL, NULL, NULL),
('2025-06-28', 1, 'junio', 2025, 28, 'sábado', 6, 0, 26, NULL, NULL, NULL, NULL, NULL),
('2025-06-29', 0, 'junio', 2025, 29, 'domingo', 7, 0, 27, NULL, NULL, NULL, NULL, NULL),
('2025-06-30', 1, 'junio', 2025, 30, 'lunes', 1, 0, 27, NULL, NULL, NULL, NULL, NULL),
('2025-07-01', 1, 'julio', 2025, 1, 'martes', 2, 0, 27, NULL, NULL, NULL, NULL, NULL),
('2025-07-02', 1, 'julio', 2025, 2, 'miércoles', 3, 0, 27, NULL, NULL, NULL, NULL, NULL),
('2025-07-03', 1, 'julio', 2025, 3, 'jueves', 4, 0, 27, NULL, NULL, NULL, NULL, NULL),
('2025-07-04', 1, 'julio', 2025, 4, 'viernes', 5, 0, 27, NULL, NULL, NULL, NULL, NULL),
('2025-07-05', 1, 'julio', 2025, 5, 'sábado', 6, 0, 27, NULL, NULL, NULL, NULL, NULL),
('2025-07-06', 0, 'julio', 2025, 6, 'domingo', 7, 0, 28, NULL, NULL, NULL, NULL, NULL),
('2025-07-07', 1, 'julio', 2025, 7, 'lunes', 1, 0, 28, NULL, NULL, NULL, NULL, NULL),
('2025-07-08', 1, 'julio', 2025, 8, 'martes', 2, 0, 28, NULL, NULL, NULL, NULL, NULL),
('2025-07-09', 1, 'julio', 2025, 9, 'miércoles', 3, 0, 28, NULL, NULL, NULL, NULL, NULL),
('2025-07-10', 1, 'julio', 2025, 10, 'jueves', 4, 0, 28, NULL, NULL, NULL, NULL, NULL),
('2025-07-11', 1, 'julio', 2025, 11, 'viernes', 5, 0, 28, NULL, NULL, NULL, NULL, NULL),
('2025-07-12', 1, 'julio', 2025, 12, 'sábado', 6, 0, 28, NULL, NULL, NULL, NULL, NULL),
('2025-07-13', 0, 'julio', 2025, 13, 'domingo', 7, 0, 29, NULL, NULL, NULL, NULL, NULL),
('2025-07-14', 1, 'julio', 2025, 14, 'lunes', 1, 0, 29, NULL, NULL, NULL, NULL, NULL),
('2025-07-15', 1, 'julio', 2025, 15, 'martes', 2, 0, 29, NULL, NULL, NULL, NULL, NULL),
('2025-07-16', 1, 'julio', 2025, 16, 'miércoles', 3, 0, 29, NULL, NULL, NULL, NULL, NULL),
('2025-07-17', 1, 'julio', 2025, 17, 'jueves', 4, 0, 29, NULL, NULL, NULL, NULL, NULL),
('2025-07-18', 1, 'julio', 2025, 18, 'viernes', 5, 0, 29, NULL, NULL, NULL, NULL, NULL),
('2025-07-19', 1, 'julio', 2025, 19, 'sábado', 6, 0, 29, NULL, NULL, NULL, NULL, NULL),
('2025-07-20', 0, 'julio', 2025, 20, 'domingo', 7, 0, 30, NULL, NULL, NULL, NULL, NULL),
('2025-07-21', 1, 'julio', 2025, 21, 'lunes', 1, 0, 30, NULL, NULL, NULL, NULL, NULL),
('2025-07-22', 1, 'julio', 2025, 22, 'martes', 2, 0, 30, NULL, NULL, NULL, NULL, NULL),
('2025-07-23', 1, 'julio', 2025, 23, 'miércoles', 3, 0, 30, NULL, NULL, NULL, NULL, NULL),
('2025-07-24', 1, 'julio', 2025, 24, 'jueves', 4, 0, 30, NULL, NULL, NULL, NULL, NULL),
('2025-07-25', 1, 'julio', 2025, 25, 'viernes', 5, 0, 30, NULL, NULL, NULL, NULL, NULL),
('2025-07-26', 1, 'julio', 2025, 26, 'sábado', 6, 0, 30, NULL, NULL, NULL, NULL, NULL),
('2025-07-27', 0, 'julio', 2025, 27, 'domingo', 7, 0, 31, NULL, NULL, NULL, NULL, NULL),
('2025-07-28', 1, 'julio', 2025, 28, 'lunes', 1, 0, 31, NULL, NULL, NULL, NULL, NULL),
('2025-07-29', 1, 'julio', 2025, 29, 'martes', 2, 0, 31, NULL, NULL, NULL, NULL, NULL),
('2025-07-30', 1, 'julio', 2025, 30, 'miércoles', 3, 0, 31, NULL, NULL, NULL, NULL, NULL),
('2025-07-31', 1, 'julio', 2025, 31, 'jueves', 4, 0, 31, NULL, NULL, NULL, NULL, NULL),
('2025-08-01', 1, 'agosto', 2025, 1, 'viernes', 5, 0, 31, NULL, NULL, NULL, NULL, NULL),
('2025-08-02', 1, 'agosto', 2025, 2, 'sábado', 6, 0, 31, NULL, NULL, NULL, NULL, NULL),
('2025-08-03', 0, 'agosto', 2025, 3, 'domingo', 7, 0, 32, NULL, NULL, NULL, NULL, NULL),
('2025-08-04', 1, 'agosto', 2025, 4, 'lunes', 1, 0, 32, NULL, NULL, NULL, NULL, NULL),
('2025-08-05', 1, 'agosto', 2025, 5, 'martes', 2, 0, 32, NULL, NULL, NULL, NULL, NULL),
('2025-08-06', 1, 'agosto', 2025, 6, 'miércoles', 3, 0, 32, NULL, NULL, NULL, NULL, NULL),
('2025-08-07', 1, 'agosto', 2025, 7, 'jueves', 4, 0, 32, NULL, NULL, NULL, NULL, NULL),
('2025-08-08', 1, 'agosto', 2025, 8, 'viernes', 5, 0, 32, NULL, NULL, NULL, NULL, NULL),
('2025-08-09', 1, 'agosto', 2025, 9, 'sábado', 6, 0, 32, NULL, NULL, NULL, NULL, NULL),
('2025-08-10', 0, 'agosto', 2025, 10, 'domingo', 7, 0, 33, NULL, NULL, NULL, NULL, NULL),
('2025-08-11', 1, 'agosto', 2025, 11, 'lunes', 1, 0, 33, NULL, NULL, NULL, NULL, NULL),
('2025-08-12', 1, 'agosto', 2025, 12, 'martes', 2, 0, 33, 7, NULL, '2025-03-22 15:43:35', NULL, NULL),
('2025-08-13', 1, 'agosto', 2025, 13, 'miércoles', 3, 0, 33, 7, NULL, '2025-03-22 15:43:35', NULL, NULL),
('2025-08-14', 1, 'agosto', 2025, 14, 'jueves', 4, 0, 33, 7, NULL, '2025-03-22 15:43:35', NULL, NULL),
('2025-08-15', 1, 'agosto', 2025, 15, 'viernes', 5, 0, 33, 7, NULL, '2025-03-22 15:43:35', NULL, NULL),
('2025-08-16', 1, 'agosto', 2025, 16, 'sábado', 6, 0, 33, 7, NULL, '2025-03-22 15:43:35', NULL, NULL),
('2025-08-17', 0, 'agosto', 2025, 17, 'domingo', 7, 0, 34, 7, NULL, '2025-03-22 15:43:35', NULL, NULL),
('2025-08-18', 1, 'agosto', 2025, 18, 'lunes', 1, 0, 34, 7, NULL, '2025-03-22 15:43:35', NULL, NULL),
('2025-08-19', 1, 'agosto', 2025, 19, 'martes', 2, 0, 34, 7, NULL, '2025-03-22 15:43:35', NULL, NULL),
('2025-08-20', 1, 'agosto', 2025, 20, 'miércoles', 3, 0, 34, 7, NULL, '2025-03-22 15:43:35', NULL, NULL),
('2025-08-21', 1, 'agosto', 2025, 21, 'jueves', 4, 0, 34, 7, NULL, '2025-03-22 15:43:35', NULL, NULL),
('2025-08-22', 1, 'agosto', 2025, 22, 'viernes', 5, 0, 34, 7, NULL, '2025-03-22 15:43:35', NULL, NULL),
('2025-08-23', 1, 'agosto', 2025, 23, 'sábado', 6, 0, 34, 7, NULL, '2025-03-22 15:43:35', NULL, NULL),
('2025-08-24', 0, 'agosto', 2025, 24, 'domingo', 7, 0, 35, 7, NULL, '2025-03-22 15:43:35', NULL, NULL),
('2025-08-25', 1, 'agosto', 2025, 25, 'lunes', 1, 0, 35, 7, NULL, '2025-03-22 15:43:35', NULL, NULL),
('2025-08-26', 1, 'agosto', 2025, 26, 'martes', 2, 0, 35, 7, NULL, '2025-03-22 15:43:35', NULL, NULL),
('2025-08-27', 1, 'agosto', 2025, 27, 'miércoles', 3, 0, 35, 7, NULL, '2025-03-22 15:43:35', NULL, NULL),
('2025-08-28', 1, 'agosto', 2025, 28, 'jueves', 4, 0, 35, 7, NULL, '2025-03-22 15:43:35', NULL, NULL),
('2025-08-29', 1, 'agosto', 2025, 29, 'viernes', 5, 0, 35, 7, NULL, '2025-03-22 15:43:35', NULL, NULL),
('2025-08-30', 1, 'agosto', 2025, 30, 'sábado', 6, 0, 35, 7, NULL, '2025-03-22 15:43:35', NULL, NULL),
('2025-08-31', 0, 'agosto', 2025, 31, 'domingo', 7, 0, 36, 7, NULL, '2025-03-22 15:43:35', NULL, NULL),
('2025-09-01', 1, 'septiembre', 2025, 1, 'lunes', 1, 0, 36, 7, NULL, '2025-03-22 15:43:35', NULL, NULL),
('2025-09-02', 1, 'septiembre', 2025, 2, 'martes', 2, 0, 36, 7, NULL, '2025-03-22 15:43:35', NULL, NULL),
('2025-09-03', 1, 'septiembre', 2025, 3, 'miércoles', 3, 0, 36, 7, NULL, '2025-03-22 15:43:35', NULL, NULL),
('2025-09-04', 1, 'septiembre', 2025, 4, 'jueves', 4, 0, 36, 7, NULL, '2025-03-22 15:43:35', NULL, NULL),
('2025-09-05', 1, 'septiembre', 2025, 5, 'viernes', 5, 0, 36, 7, NULL, '2025-03-22 15:43:35', NULL, NULL),
('2025-09-06', 1, 'septiembre', 2025, 6, 'sábado', 6, 0, 36, 7, NULL, '2025-03-22 15:43:35', NULL, NULL),
('2025-09-07', 0, 'septiembre', 2025, 7, 'domingo', 7, 0, 37, 7, NULL, '2025-03-22 15:43:35', NULL, NULL),
('2025-09-08', 1, 'septiembre', 2025, 8, 'lunes', 1, 0, 37, 7, NULL, '2025-03-22 15:43:35', NULL, NULL),
('2025-09-09', 1, 'septiembre', 2025, 9, 'martes', 2, 0, 37, NULL, NULL, NULL, NULL, NULL),
('2025-09-10', 1, 'septiembre', 2025, 10, 'miércoles', 3, 0, 37, NULL, NULL, NULL, NULL, NULL),
('2025-09-11', 1, 'septiembre', 2025, 11, 'jueves', 4, 0, 37, NULL, NULL, NULL, NULL, NULL),
('2025-09-12', 1, 'septiembre', 2025, 12, 'viernes', 5, 0, 37, NULL, NULL, NULL, NULL, NULL),
('2025-09-13', 1, 'septiembre', 2025, 13, 'sábado', 6, 0, 37, NULL, NULL, NULL, NULL, NULL),
('2025-09-14', 0, 'septiembre', 2025, 14, 'domingo', 7, 0, 38, NULL, NULL, NULL, NULL, NULL),
('2025-09-15', 1, 'septiembre', 2025, 15, 'lunes', 1, 0, 38, NULL, NULL, NULL, NULL, NULL),
('2025-09-16', 0, 'septiembre', 2025, 16, 'martes', 2, 1, 38, NULL, NULL, NULL, NULL, NULL),
('2025-09-17', 1, 'septiembre', 2025, 17, 'miércoles', 3, 0, 38, NULL, NULL, NULL, NULL, NULL),
('2025-09-18', 1, 'septiembre', 2025, 18, 'jueves', 4, 0, 38, NULL, NULL, NULL, NULL, NULL),
('2025-09-19', 1, 'septiembre', 2025, 19, 'viernes', 5, 0, 38, NULL, NULL, NULL, NULL, NULL),
('2025-09-20', 1, 'septiembre', 2025, 20, 'sábado', 6, 0, 38, NULL, NULL, NULL, NULL, NULL),
('2025-09-21', 0, 'septiembre', 2025, 21, 'domingo', 7, 0, 39, NULL, NULL, NULL, NULL, NULL),
('2025-09-22', 1, 'septiembre', 2025, 22, 'lunes', 1, 0, 39, NULL, NULL, NULL, NULL, NULL),
('2025-09-23', 1, 'septiembre', 2025, 23, 'martes', 2, 0, 39, NULL, NULL, NULL, NULL, NULL),
('2025-09-24', 1, 'septiembre', 2025, 24, 'miércoles', 3, 0, 39, NULL, NULL, NULL, NULL, NULL),
('2025-09-25', 1, 'septiembre', 2025, 25, 'jueves', 4, 0, 39, NULL, NULL, NULL, NULL, NULL),
('2025-09-26', 1, 'septiembre', 2025, 26, 'viernes', 5, 0, 39, NULL, NULL, NULL, NULL, NULL),
('2025-09-27', 1, 'septiembre', 2025, 27, 'sábado', 6, 0, 39, NULL, NULL, NULL, NULL, NULL),
('2025-09-28', 0, 'septiembre', 2025, 28, 'domingo', 7, 0, 40, NULL, NULL, NULL, NULL, NULL),
('2025-09-29', 1, 'septiembre', 2025, 29, 'lunes', 1, 0, 40, NULL, NULL, NULL, NULL, NULL),
('2025-09-30', 1, 'septiembre', 2025, 30, 'martes', 2, 0, 40, NULL, NULL, NULL, NULL, NULL),
('2025-10-01', 1, 'octubre', 2025, 1, 'miércoles', 3, 0, 40, NULL, NULL, NULL, NULL, NULL),
('2025-10-02', 1, 'octubre', 2025, 2, 'jueves', 4, 0, 40, NULL, NULL, NULL, NULL, NULL),
('2025-10-03', 1, 'octubre', 2025, 3, 'viernes', 5, 0, 40, NULL, NULL, NULL, NULL, NULL),
('2025-10-04', 1, 'octubre', 2025, 4, 'sábado', 6, 0, 40, NULL, NULL, NULL, NULL, NULL),
('2025-10-05', 0, 'octubre', 2025, 5, 'domingo', 7, 0, 41, NULL, NULL, NULL, NULL, NULL),
('2025-10-06', 1, 'octubre', 2025, 6, 'lunes', 1, 0, 41, NULL, NULL, NULL, NULL, NULL),
('2025-10-07', 1, 'octubre', 2025, 7, 'martes', 2, 0, 41, NULL, NULL, NULL, NULL, NULL),
('2025-10-08', 1, 'octubre', 2025, 8, 'miércoles', 3, 0, 41, NULL, NULL, NULL, NULL, NULL),
('2025-10-09', 1, 'octubre', 2025, 9, 'jueves', 4, 0, 41, NULL, NULL, NULL, NULL, NULL),
('2025-10-10', 1, 'octubre', 2025, 10, 'viernes', 5, 0, 41, NULL, NULL, NULL, NULL, NULL),
('2025-10-11', 1, 'octubre', 2025, 11, 'sábado', 6, 0, 41, NULL, NULL, NULL, NULL, NULL),
('2025-10-12', 0, 'octubre', 2025, 12, 'domingo', 7, 0, 42, NULL, NULL, NULL, NULL, NULL),
('2025-10-13', 1, 'octubre', 2025, 13, 'lunes', 1, 0, 42, NULL, NULL, NULL, NULL, NULL),
('2025-10-14', 1, 'octubre', 2025, 14, 'martes', 2, 0, 42, NULL, NULL, NULL, NULL, NULL),
('2025-10-15', 1, 'octubre', 2025, 15, 'miércoles', 3, 0, 42, NULL, NULL, NULL, NULL, NULL),
('2025-10-16', 1, 'octubre', 2025, 16, 'jueves', 4, 0, 42, NULL, NULL, NULL, NULL, NULL),
('2025-10-17', 1, 'octubre', 2025, 17, 'viernes', 5, 0, 42, NULL, NULL, NULL, NULL, NULL),
('2025-10-18', 1, 'octubre', 2025, 18, 'sábado', 6, 0, 42, NULL, NULL, NULL, NULL, NULL),
('2025-10-19', 0, 'octubre', 2025, 19, 'domingo', 7, 0, 43, NULL, NULL, NULL, NULL, NULL),
('2025-10-20', 1, 'octubre', 2025, 20, 'lunes', 1, 0, 43, NULL, NULL, NULL, NULL, NULL),
('2025-10-21', 1, 'octubre', 2025, 21, 'martes', 2, 0, 43, NULL, NULL, NULL, NULL, NULL),
('2025-10-22', 1, 'octubre', 2025, 22, 'miércoles', 3, 0, 43, NULL, NULL, NULL, NULL, NULL),
('2025-10-23', 1, 'octubre', 2025, 23, 'jueves', 4, 0, 43, NULL, NULL, NULL, NULL, NULL),
('2025-10-24', 1, 'octubre', 2025, 24, 'viernes', 5, 0, 43, NULL, NULL, NULL, NULL, NULL),
('2025-10-25', 1, 'octubre', 2025, 25, 'sábado', 6, 0, 43, NULL, NULL, NULL, NULL, NULL),
('2025-10-26', 0, 'octubre', 2025, 26, 'domingo', 7, 0, 44, NULL, NULL, NULL, NULL, NULL),
('2025-10-27', 1, 'octubre', 2025, 27, 'lunes', 1, 0, 44, 4, NULL, '2025-03-22 15:36:24', NULL, NULL),
('2025-10-28', 1, 'octubre', 2025, 28, 'martes', 2, 0, 44, 4, NULL, '2025-03-22 15:36:24', NULL, NULL),
('2025-10-29', 1, 'octubre', 2025, 29, 'miércoles', 3, 0, 44, 4, NULL, '2025-03-22 15:36:24', NULL, NULL),
('2025-10-30', 1, 'octubre', 2025, 30, 'jueves', 4, 0, 44, 4, NULL, '2025-03-22 15:36:24', NULL, NULL),
('2025-10-31', 1, 'octubre', 2025, 31, 'viernes', 5, 0, 44, 4, NULL, '2025-03-22 15:36:24', NULL, NULL),
('2025-11-01', 1, 'noviembre', 2025, 1, 'sábado', 6, 0, 44, 4, NULL, '2025-03-22 15:36:24', NULL, NULL),
('2025-11-02', 0, 'noviembre', 2025, 2, 'domingo', 7, 0, 45, 4, NULL, '2025-03-22 15:36:24', NULL, NULL),
('2025-11-03', 1, 'noviembre', 2025, 3, 'lunes', 1, 0, 45, 4, NULL, '2025-03-22 15:36:24', NULL, NULL),
('2025-11-04', 1, 'noviembre', 2025, 4, 'martes', 2, 0, 45, 4, NULL, '2025-03-22 15:36:24', NULL, NULL),
('2025-11-05', 1, 'noviembre', 2025, 5, 'miércoles', 3, 0, 45, 4, NULL, '2025-03-22 15:36:24', NULL, NULL),
('2025-11-06', 1, 'noviembre', 2025, 6, 'jueves', 4, 0, 45, 4, NULL, '2025-03-22 15:36:24', NULL, NULL),
('2025-11-07', 1, 'noviembre', 2025, 7, 'viernes', 5, 0, 45, 4, NULL, '2025-03-22 15:36:24', NULL, NULL),
('2025-11-08', 1, 'noviembre', 2025, 8, 'sábado', 6, 0, 45, 4, NULL, '2025-03-22 15:36:24', NULL, NULL),
('2025-11-09', 0, 'noviembre', 2025, 9, 'domingo', 7, 0, 46, NULL, NULL, NULL, NULL, NULL),
('2025-11-10', 1, 'noviembre', 2025, 10, 'lunes', 1, 0, 46, NULL, NULL, NULL, NULL, NULL),
('2025-11-11', 1, 'noviembre', 2025, 11, 'martes', 2, 0, 46, NULL, NULL, NULL, NULL, NULL),
('2025-11-12', 1, 'noviembre', 2025, 12, 'miércoles', 3, 0, 46, NULL, NULL, NULL, NULL, NULL),
('2025-11-13', 1, 'noviembre', 2025, 13, 'jueves', 4, 0, 46, NULL, NULL, NULL, NULL, NULL),
('2025-11-14', 1, 'noviembre', 2025, 14, 'viernes', 5, 0, 46, NULL, NULL, NULL, NULL, NULL),
('2025-11-15', 1, 'noviembre', 2025, 15, 'sábado', 6, 0, 46, NULL, NULL, NULL, NULL, NULL),
('2025-11-16', 0, 'noviembre', 2025, 16, 'domingo', 7, 0, 47, NULL, NULL, NULL, NULL, NULL),
('2025-11-17', 0, 'noviembre', 2025, 17, 'lunes', 1, 1, 47, NULL, NULL, NULL, NULL, NULL),
('2025-11-18', 1, 'noviembre', 2025, 18, 'martes', 2, 0, 47, NULL, NULL, NULL, NULL, NULL),
('2025-11-19', 1, 'noviembre', 2025, 19, 'miércoles', 3, 0, 47, NULL, NULL, NULL, NULL, NULL),
('2025-11-20', 1, 'noviembre', 2025, 20, 'jueves', 4, 0, 47, NULL, NULL, NULL, NULL, NULL),
('2025-11-21', 1, 'noviembre', 2025, 21, 'viernes', 5, 0, 47, NULL, NULL, NULL, NULL, NULL),
('2025-11-22', 1, 'noviembre', 2025, 22, 'sábado', 6, 0, 47, NULL, NULL, NULL, NULL, NULL),
('2025-11-23', 0, 'noviembre', 2025, 23, 'domingo', 7, 0, 48, NULL, NULL, NULL, NULL, NULL),
('2025-11-24', 1, 'noviembre', 2025, 24, 'lunes', 1, 0, 48, NULL, NULL, NULL, NULL, NULL),
('2025-11-25', 1, 'noviembre', 2025, 25, 'martes', 2, 0, 48, NULL, NULL, NULL, NULL, NULL),
('2025-11-26', 1, 'noviembre', 2025, 26, 'miércoles', 3, 0, 48, NULL, NULL, NULL, NULL, NULL),
('2025-11-27', 1, 'noviembre', 2025, 27, 'jueves', 4, 0, 48, NULL, NULL, NULL, NULL, NULL),
('2025-11-28', 1, 'noviembre', 2025, 28, 'viernes', 5, 0, 48, NULL, NULL, NULL, NULL, NULL),
('2025-11-29', 1, 'noviembre', 2025, 29, 'sábado', 6, 0, 48, NULL, NULL, NULL, NULL, NULL),
('2025-11-30', 0, 'noviembre', 2025, 30, 'domingo', 7, 0, 49, NULL, NULL, NULL, NULL, NULL),
('2025-12-01', 1, 'diciembre', 2025, 1, 'lunes', 1, 0, 49, NULL, NULL, NULL, NULL, NULL),
('2025-12-02', 1, 'diciembre', 2025, 2, 'martes', 2, 0, 49, NULL, NULL, NULL, NULL, NULL),
('2025-12-03', 1, 'diciembre', 2025, 3, 'miércoles', 3, 0, 49, NULL, NULL, NULL, NULL, NULL),
('2025-12-04', 1, 'diciembre', 2025, 4, 'jueves', 4, 0, 49, NULL, NULL, NULL, NULL, NULL),
('2025-12-05', 1, 'diciembre', 2025, 5, 'viernes', 5, 0, 49, NULL, NULL, NULL, NULL, NULL),
('2025-12-06', 1, 'diciembre', 2025, 6, 'sábado', 6, 0, 49, NULL, NULL, NULL, NULL, NULL),
('2025-12-07', 0, 'diciembre', 2025, 7, 'domingo', 7, 0, 50, NULL, NULL, NULL, NULL, NULL),
('2025-12-08', 1, 'diciembre', 2025, 8, 'lunes', 1, 0, 50, NULL, NULL, NULL, NULL, NULL),
('2025-12-09', 1, 'diciembre', 2025, 9, 'martes', 2, 0, 50, NULL, NULL, NULL, NULL, NULL),
('2025-12-10', 1, 'diciembre', 2025, 10, 'miércoles', 3, 0, 50, NULL, NULL, NULL, NULL, NULL),
('2025-12-11', 1, 'diciembre', 2025, 11, 'jueves', 4, 0, 50, NULL, NULL, NULL, NULL, NULL),
('2025-12-12', 1, 'diciembre', 2025, 12, 'viernes', 5, 0, 50, NULL, NULL, NULL, NULL, NULL),
('2025-12-13', 1, 'diciembre', 2025, 13, 'sábado', 6, 0, 50, NULL, NULL, NULL, NULL, NULL),
('2025-12-14', 0, 'diciembre', 2025, 14, 'domingo', 7, 0, 51, NULL, NULL, NULL, NULL, NULL),
('2025-12-15', 1, 'diciembre', 2025, 15, 'lunes', 1, 0, 51, NULL, NULL, NULL, NULL, NULL),
('2025-12-16', 1, 'diciembre', 2025, 16, 'martes', 2, 0, 51, NULL, NULL, NULL, NULL, NULL),
('2025-12-17', 1, 'diciembre', 2025, 17, 'miércoles', 3, 0, 51, NULL, NULL, NULL, NULL, NULL),
('2025-12-18', 1, 'diciembre', 2025, 18, 'jueves', 4, 0, 51, NULL, NULL, NULL, NULL, NULL),
('2025-12-19', 1, 'diciembre', 2025, 19, 'viernes', 5, 0, 51, NULL, NULL, NULL, NULL, NULL),
('2025-12-20', 1, 'diciembre', 2025, 20, 'sábado', 6, 0, 51, NULL, NULL, NULL, NULL, NULL),
('2025-12-21', 0, 'diciembre', 2025, 21, 'domingo', 7, 0, 52, NULL, NULL, NULL, NULL, NULL),
('2025-12-22', 1, 'diciembre', 2025, 22, 'lunes', 1, 0, 52, NULL, NULL, NULL, NULL, NULL),
('2025-12-23', 1, 'diciembre', 2025, 23, 'martes', 2, 0, 52, NULL, NULL, NULL, NULL, NULL),
('2025-12-24', 1, 'diciembre', 2025, 24, 'miércoles', 3, 0, 52, NULL, NULL, NULL, NULL, NULL),
('2025-12-25', 0, 'diciembre', 2025, 25, 'jueves', 4, 1, 52, NULL, NULL, NULL, NULL, NULL),
('2025-12-26', 1, 'diciembre', 2025, 26, 'viernes', 5, 0, 52, NULL, NULL, NULL, NULL, NULL),
('2025-12-27', 1, 'diciembre', 2025, 27, 'sábado', 6, 0, 52, NULL, NULL, NULL, NULL, NULL),
('2025-12-28', 0, 'diciembre', 2025, 28, 'domingo', 7, 0, 53, NULL, NULL, NULL, NULL, NULL),
('2025-12-29', 1, 'diciembre', 2025, 29, 'lunes', 1, 0, 53, NULL, NULL, NULL, NULL, NULL),
('2025-12-30', 1, 'diciembre', 2025, 30, 'martes', 2, 0, 53, NULL, NULL, NULL, NULL, NULL),
('2025-12-31', 1, 'diciembre', 2025, 31, 'miércoles', 3, 0, 53, NULL, NULL, NULL, NULL, NULL),
('2026-01-01', 0, 'enero', 2026, 1, 'jueves', 4, 1, 1, NULL, NULL, NULL, NULL, NULL),
('2026-01-02', 1, 'enero', 2026, 2, 'viernes', 5, 0, 1, 7, NULL, '2025-03-22 15:45:17', NULL, NULL),
('2026-01-03', 1, 'enero', 2026, 3, 'sábado', 6, 0, 1, 7, NULL, '2025-03-22 15:45:17', NULL, NULL),
('2026-01-04', 0, 'enero', 2026, 4, 'domingo', 7, 0, 2, 7, NULL, '2025-03-22 15:45:17', NULL, NULL),
('2026-01-05', 1, 'enero', 2026, 5, 'lunes', 1, 0, 2, NULL, NULL, NULL, NULL, NULL),
('2026-01-06', 1, 'enero', 2026, 6, 'martes', 2, 0, 2, NULL, NULL, NULL, NULL, NULL),
('2026-01-07', 1, 'enero', 2026, 7, 'miércoles', 3, 0, 2, NULL, NULL, NULL, NULL, NULL),
('2026-01-08', 1, 'enero', 2026, 8, 'jueves', 4, 0, 2, NULL, NULL, NULL, NULL, NULL),
('2026-01-09', 1, 'enero', 2026, 9, 'viernes', 5, 0, 2, NULL, NULL, NULL, NULL, NULL),
('2026-01-10', 1, 'enero', 2026, 10, 'sábado', 6, 0, 2, NULL, NULL, NULL, NULL, NULL),
('2026-01-11', 0, 'enero', 2026, 11, 'domingo', 7, 0, 3, NULL, NULL, NULL, NULL, NULL),
('2026-01-12', 1, 'enero', 2026, 12, 'lunes', 1, 0, 3, NULL, NULL, NULL, NULL, NULL),
('2026-01-13', 1, 'enero', 2026, 13, 'martes', 2, 0, 3, NULL, NULL, NULL, NULL, NULL),
('2026-01-14', 1, 'enero', 2026, 14, 'miércoles', 3, 0, 3, NULL, NULL, NULL, NULL, NULL),
('2026-01-15', 1, 'enero', 2026, 15, 'jueves', 4, 0, 3, NULL, NULL, NULL, NULL, NULL),
('2026-01-16', 1, 'enero', 2026, 16, 'viernes', 5, 0, 3, NULL, NULL, NULL, NULL, NULL),
('2026-01-17', 1, 'enero', 2026, 17, 'sábado', 6, 0, 3, NULL, NULL, NULL, NULL, NULL),
('2026-01-18', 0, 'enero', 2026, 18, 'domingo', 7, 0, 4, NULL, NULL, NULL, NULL, NULL),
('2026-01-19', 1, 'enero', 2026, 19, 'lunes', 1, 0, 4, NULL, NULL, NULL, NULL, NULL),
('2026-01-20', 1, 'enero', 2026, 20, 'martes', 2, 0, 4, NULL, NULL, NULL, NULL, NULL),
('2026-01-21', 1, 'enero', 2026, 21, 'miércoles', 3, 0, 4, NULL, NULL, NULL, NULL, NULL),
('2026-01-22', 1, 'enero', 2026, 22, 'jueves', 4, 0, 4, NULL, NULL, NULL, NULL, NULL),
('2026-01-23', 1, 'enero', 2026, 23, 'viernes', 5, 0, 4, NULL, NULL, NULL, NULL, NULL),
('2026-01-24', 1, 'enero', 2026, 24, 'sábado', 6, 0, 4, NULL, NULL, NULL, NULL, NULL),
('2026-01-25', 0, 'enero', 2026, 25, 'domingo', 7, 0, 5, NULL, NULL, NULL, NULL, NULL),
('2026-01-26', 1, 'enero', 2026, 26, 'lunes', 1, 0, 5, NULL, NULL, NULL, NULL, NULL),
('2026-01-27', 1, 'enero', 2026, 27, 'martes', 2, 0, 5, NULL, NULL, NULL, NULL, NULL),
('2026-01-28', 1, 'enero', 2026, 28, 'miércoles', 3, 0, 5, NULL, NULL, NULL, NULL, NULL),
('2026-01-29', 1, 'enero', 2026, 29, 'jueves', 4, 0, 5, NULL, NULL, NULL, NULL, NULL),
('2026-01-30', 1, 'enero', 2026, 30, 'viernes', 5, 0, 5, NULL, NULL, NULL, NULL, NULL),
('2026-01-31', 1, 'enero', 2026, 31, 'sábado', 6, 0, 5, NULL, NULL, NULL, NULL, NULL),
('2026-02-01', 0, 'febrero', 2026, 1, 'domingo', 7, 0, 6, NULL, NULL, NULL, NULL, NULL),
('2026-02-02', 0, 'febrero', 2026, 2, 'lunes', 1, 1, 6, NULL, NULL, NULL, NULL, NULL),
('2026-02-03', 1, 'febrero', 2026, 3, 'martes', 2, 0, 6, NULL, NULL, NULL, NULL, NULL),
('2026-02-04', 1, 'febrero', 2026, 4, 'miércoles', 3, 0, 6, NULL, NULL, NULL, NULL, NULL),
('2026-02-05', 1, 'febrero', 2026, 5, 'jueves', 4, 0, 6, NULL, NULL, NULL, NULL, NULL),
('2026-02-06', 1, 'febrero', 2026, 6, 'viernes', 5, 0, 6, NULL, NULL, NULL, NULL, NULL),
('2026-02-07', 1, 'febrero', 2026, 7, 'sábado', 6, 0, 6, NULL, NULL, NULL, NULL, NULL),
('2026-02-08', 0, 'febrero', 2026, 8, 'domingo', 7, 0, 7, NULL, NULL, NULL, NULL, NULL),
('2026-02-09', 1, 'febrero', 2026, 9, 'lunes', 1, 0, 7, NULL, NULL, NULL, NULL, NULL),
('2026-02-10', 1, 'febrero', 2026, 10, 'martes', 2, 0, 7, NULL, NULL, NULL, NULL, NULL),
('2026-02-11', 1, 'febrero', 2026, 11, 'miércoles', 3, 0, 7, NULL, NULL, NULL, NULL, NULL),
('2026-02-12', 1, 'febrero', 2026, 12, 'jueves', 4, 0, 7, NULL, NULL, NULL, NULL, NULL),
('2026-02-13', 1, 'febrero', 2026, 13, 'viernes', 5, 0, 7, NULL, NULL, NULL, NULL, NULL),
('2026-02-14', 1, 'febrero', 2026, 14, 'sábado', 6, 0, 7, NULL, NULL, NULL, NULL, NULL),
('2026-02-15', 0, 'febrero', 2026, 15, 'domingo', 7, 0, 8, NULL, NULL, NULL, NULL, NULL),
('2026-02-16', 1, 'febrero', 2026, 16, 'lunes', 1, 0, 8, NULL, NULL, NULL, NULL, NULL),
('2026-02-17', 1, 'febrero', 2026, 17, 'martes', 2, 0, 8, NULL, NULL, NULL, NULL, NULL),
('2026-02-18', 1, 'febrero', 2026, 18, 'miércoles', 3, 0, 8, NULL, NULL, NULL, NULL, NULL),
('2026-02-19', 1, 'febrero', 2026, 19, 'jueves', 4, 0, 8, NULL, NULL, NULL, NULL, NULL),
('2026-02-20', 1, 'febrero', 2026, 20, 'viernes', 5, 0, 8, NULL, NULL, NULL, NULL, NULL),
('2026-02-21', 1, 'febrero', 2026, 21, 'sábado', 6, 0, 8, NULL, NULL, NULL, NULL, NULL),
('2026-02-22', 0, 'febrero', 2026, 22, 'domingo', 7, 0, 9, NULL, NULL, NULL, NULL, NULL),
('2026-02-23', 1, 'febrero', 2026, 23, 'lunes', 1, 0, 9, NULL, NULL, NULL, NULL, NULL),
('2026-02-24', 1, 'febrero', 2026, 24, 'martes', 2, 0, 9, NULL, NULL, NULL, NULL, NULL),
('2026-02-25', 1, 'febrero', 2026, 25, 'miércoles', 3, 0, 9, NULL, NULL, NULL, NULL, NULL),
('2026-02-26', 1, 'febrero', 2026, 26, 'jueves', 4, 0, 9, NULL, NULL, NULL, NULL, NULL),
('2026-02-27', 1, 'febrero', 2026, 27, 'viernes', 5, 0, 9, NULL, NULL, NULL, NULL, NULL),
('2026-02-28', 1, 'febrero', 2026, 28, 'sábado', 6, 0, 9, NULL, NULL, NULL, NULL, NULL),
('2026-03-01', 0, 'marzo', 2026, 1, 'domingo', 7, 0, 10, NULL, NULL, NULL, NULL, NULL),
('2026-03-02', 1, 'marzo', 2026, 2, 'lunes', 1, 0, 10, NULL, NULL, NULL, NULL, NULL),
('2026-03-03', 1, 'marzo', 2026, 3, 'martes', 2, 0, 10, NULL, NULL, NULL, NULL, NULL),
('2026-03-04', 1, 'marzo', 2026, 4, 'miércoles', 3, 0, 10, NULL, NULL, NULL, NULL, NULL),
('2026-03-05', 1, 'marzo', 2026, 5, 'jueves', 4, 0, 10, NULL, NULL, NULL, NULL, NULL),
('2026-03-06', 1, 'marzo', 2026, 6, 'viernes', 5, 0, 10, NULL, NULL, NULL, NULL, NULL),
('2026-03-07', 1, 'marzo', 2026, 7, 'sábado', 6, 0, 10, NULL, NULL, NULL, NULL, NULL),
('2026-03-08', 0, 'marzo', 2026, 8, 'domingo', 7, 0, 11, NULL, NULL, NULL, NULL, NULL),
('2026-03-09', 1, 'marzo', 2026, 9, 'lunes', 1, 0, 11, NULL, NULL, NULL, NULL, NULL),
('2026-03-10', 1, 'marzo', 2026, 10, 'martes', 2, 0, 11, NULL, NULL, NULL, NULL, NULL),
('2026-03-11', 1, 'marzo', 2026, 11, 'miércoles', 3, 0, 11, NULL, NULL, NULL, NULL, NULL),
('2026-03-12', 1, 'marzo', 2026, 12, 'jueves', 4, 0, 11, NULL, NULL, NULL, NULL, NULL),
('2026-03-13', 1, 'marzo', 2026, 13, 'viernes', 5, 0, 11, NULL, NULL, NULL, NULL, NULL),
('2026-03-14', 1, 'marzo', 2026, 14, 'sábado', 6, 0, 11, NULL, NULL, NULL, NULL, NULL),
('2026-03-15', 0, 'marzo', 2026, 15, 'domingo', 7, 0, 12, NULL, NULL, NULL, NULL, NULL),
('2026-03-16', 0, 'marzo', 2026, 16, 'lunes', 1, 1, 12, NULL, NULL, NULL, NULL, NULL),
('2026-03-17', 1, 'marzo', 2026, 17, 'martes', 2, 0, 12, NULL, NULL, NULL, NULL, NULL),
('2026-03-18', 1, 'marzo', 2026, 18, 'miércoles', 3, 0, 12, NULL, NULL, NULL, NULL, NULL),
('2026-03-19', 1, 'marzo', 2026, 19, 'jueves', 4, 0, 12, NULL, NULL, NULL, NULL, NULL),
('2026-03-20', 1, 'marzo', 2026, 20, 'viernes', 5, 0, 12, NULL, NULL, NULL, NULL, NULL),
('2026-03-21', 1, 'marzo', 2026, 21, 'sábado', 6, 0, 12, NULL, NULL, NULL, NULL, NULL),
('2026-03-22', 0, 'marzo', 2026, 22, 'domingo', 7, 0, 13, NULL, NULL, NULL, NULL, NULL),
('2026-03-23', 1, 'marzo', 2026, 23, 'lunes', 1, 0, 13, NULL, NULL, NULL, NULL, NULL),
('2026-03-24', 1, 'marzo', 2026, 24, 'martes', 2, 0, 13, NULL, NULL, NULL, NULL, NULL),
('2026-03-25', 1, 'marzo', 2026, 25, 'miércoles', 3, 0, 13, NULL, NULL, NULL, NULL, NULL),
('2026-03-26', 1, 'marzo', 2026, 26, 'jueves', 4, 0, 13, NULL, NULL, NULL, NULL, NULL),
('2026-03-27', 1, 'marzo', 2026, 27, 'viernes', 5, 0, 13, NULL, NULL, NULL, NULL, NULL),
('2026-03-28', 1, 'marzo', 2026, 28, 'sábado', 6, 0, 13, NULL, NULL, NULL, NULL, NULL),
('2026-03-29', 0, 'marzo', 2026, 29, 'domingo', 7, 0, 14, NULL, NULL, NULL, NULL, NULL),
('2026-03-30', 1, 'marzo', 2026, 30, 'lunes', 1, 0, 14, NULL, NULL, NULL, NULL, NULL),
('2026-03-31', 1, 'marzo', 2026, 31, 'martes', 2, 0, 14, NULL, NULL, NULL, NULL, NULL),
('2026-04-01', 1, 'abril', 2026, 1, 'miércoles', 3, 0, 14, NULL, NULL, NULL, NULL, NULL),
('2026-04-02', 1, 'abril', 2026, 2, 'jueves', 4, 0, 14, NULL, NULL, NULL, NULL, NULL),
('2026-04-03', 1, 'abril', 2026, 3, 'viernes', 5, 0, 14, NULL, NULL, NULL, NULL, NULL),
('2026-04-04', 1, 'abril', 2026, 4, 'sábado', 6, 0, 14, NULL, NULL, NULL, NULL, NULL),
('2026-04-05', 0, 'abril', 2026, 5, 'domingo', 7, 0, 15, NULL, NULL, NULL, NULL, NULL),
('2026-04-06', 1, 'abril', 2026, 6, 'lunes', 1, 0, 15, NULL, NULL, NULL, NULL, NULL),
('2026-04-07', 1, 'abril', 2026, 7, 'martes', 2, 0, 15, NULL, NULL, NULL, NULL, NULL),
('2026-04-08', 1, 'abril', 2026, 8, 'miércoles', 3, 0, 15, NULL, NULL, NULL, NULL, NULL),
('2026-04-09', 1, 'abril', 2026, 9, 'jueves', 4, 0, 15, NULL, NULL, NULL, NULL, NULL),
('2026-04-10', 1, 'abril', 2026, 10, 'viernes', 5, 0, 15, NULL, NULL, NULL, NULL, NULL),
('2026-04-11', 1, 'abril', 2026, 11, 'sábado', 6, 0, 15, NULL, NULL, NULL, NULL, NULL),
('2026-04-12', 0, 'abril', 2026, 12, 'domingo', 7, 0, 16, NULL, NULL, NULL, NULL, NULL),
('2026-04-13', 1, 'abril', 2026, 13, 'lunes', 1, 0, 16, NULL, NULL, NULL, NULL, NULL),
('2026-04-14', 1, 'abril', 2026, 14, 'martes', 2, 0, 16, NULL, NULL, NULL, NULL, NULL),
('2026-04-15', 1, 'abril', 2026, 15, 'miércoles', 3, 0, 16, NULL, NULL, NULL, NULL, NULL),
('2026-04-16', 1, 'abril', 2026, 16, 'jueves', 4, 0, 16, NULL, NULL, NULL, NULL, NULL),
('2026-04-17', 1, 'abril', 2026, 17, 'viernes', 5, 0, 16, NULL, NULL, NULL, NULL, NULL),
('2026-04-18', 1, 'abril', 2026, 18, 'sábado', 6, 0, 16, NULL, NULL, NULL, NULL, NULL),
('2026-04-19', 0, 'abril', 2026, 19, 'domingo', 7, 0, 17, NULL, NULL, NULL, NULL, NULL),
('2026-04-20', 1, 'abril', 2026, 20, 'lunes', 1, 0, 17, NULL, NULL, NULL, NULL, NULL),
('2026-04-21', 1, 'abril', 2026, 21, 'martes', 2, 0, 17, NULL, NULL, NULL, NULL, NULL),
('2026-04-22', 1, 'abril', 2026, 22, 'miércoles', 3, 0, 17, NULL, NULL, NULL, NULL, NULL),
('2026-04-23', 1, 'abril', 2026, 23, 'jueves', 4, 0, 17, NULL, NULL, NULL, NULL, NULL),
('2026-04-24', 1, 'abril', 2026, 24, 'viernes', 5, 0, 17, NULL, NULL, NULL, NULL, NULL),
('2026-04-25', 1, 'abril', 2026, 25, 'sábado', 6, 0, 17, NULL, NULL, NULL, NULL, NULL),
('2026-04-26', 0, 'abril', 2026, 26, 'domingo', 7, 0, 18, NULL, NULL, NULL, NULL, NULL),
('2026-04-27', 1, 'abril', 2026, 27, 'lunes', 1, 0, 18, NULL, NULL, NULL, NULL, NULL),
('2026-04-28', 1, 'abril', 2026, 28, 'martes', 2, 0, 18, NULL, NULL, NULL, NULL, NULL),
('2026-04-29', 1, 'abril', 2026, 29, 'miércoles', 3, 0, 18, NULL, NULL, NULL, NULL, NULL),
('2026-04-30', 1, 'abril', 2026, 30, 'jueves', 4, 0, 18, NULL, NULL, NULL, NULL, NULL),
('2026-05-01', 0, 'mayo', 2026, 1, 'viernes', 5, 1, 18, NULL, NULL, NULL, NULL, NULL),
('2026-05-02', 1, 'mayo', 2026, 2, 'sábado', 6, 0, 18, NULL, NULL, NULL, NULL, NULL),
('2026-05-03', 0, 'mayo', 2026, 3, 'domingo', 7, 0, 19, NULL, NULL, NULL, NULL, NULL),
('2026-05-04', 1, 'mayo', 2026, 4, 'lunes', 1, 0, 19, NULL, NULL, NULL, NULL, NULL),
('2026-05-05', 1, 'mayo', 2026, 5, 'martes', 2, 0, 19, NULL, NULL, NULL, NULL, NULL),
('2026-05-06', 1, 'mayo', 2026, 6, 'miércoles', 3, 0, 19, NULL, NULL, NULL, NULL, NULL),
('2026-05-07', 1, 'mayo', 2026, 7, 'jueves', 4, 0, 19, NULL, NULL, NULL, NULL, NULL),
('2026-05-08', 1, 'mayo', 2026, 8, 'viernes', 5, 0, 19, NULL, NULL, NULL, NULL, NULL),
('2026-05-09', 1, 'mayo', 2026, 9, 'sábado', 6, 0, 19, NULL, NULL, NULL, NULL, NULL),
('2026-05-10', 0, 'mayo', 2026, 10, 'domingo', 7, 0, 20, NULL, NULL, NULL, NULL, NULL),
('2026-05-11', 1, 'mayo', 2026, 11, 'lunes', 1, 0, 20, NULL, NULL, NULL, NULL, NULL),
('2026-05-12', 1, 'mayo', 2026, 12, 'martes', 2, 0, 20, NULL, NULL, NULL, NULL, NULL),
('2026-05-13', 1, 'mayo', 2026, 13, 'miércoles', 3, 0, 20, NULL, NULL, NULL, NULL, NULL),
('2026-05-14', 1, 'mayo', 2026, 14, 'jueves', 4, 0, 20, NULL, NULL, NULL, NULL, NULL),
('2026-05-15', 1, 'mayo', 2026, 15, 'viernes', 5, 0, 20, NULL, NULL, NULL, NULL, NULL),
('2026-05-16', 1, 'mayo', 2026, 16, 'sábado', 6, 0, 20, NULL, NULL, NULL, NULL, NULL),
('2026-05-17', 0, 'mayo', 2026, 17, 'domingo', 7, 0, 21, NULL, NULL, NULL, NULL, NULL),
('2026-05-18', 1, 'mayo', 2026, 18, 'lunes', 1, 0, 21, NULL, NULL, NULL, NULL, NULL),
('2026-05-19', 1, 'mayo', 2026, 19, 'martes', 2, 0, 21, NULL, NULL, NULL, NULL, NULL),
('2026-05-20', 1, 'mayo', 2026, 20, 'miércoles', 3, 0, 21, NULL, NULL, NULL, NULL, NULL),
('2026-05-21', 1, 'mayo', 2026, 21, 'jueves', 4, 0, 21, NULL, NULL, NULL, NULL, NULL),
('2026-05-22', 1, 'mayo', 2026, 22, 'viernes', 5, 0, 21, NULL, NULL, NULL, NULL, NULL),
('2026-05-23', 1, 'mayo', 2026, 23, 'sábado', 6, 0, 21, NULL, NULL, NULL, NULL, NULL),
('2026-05-24', 0, 'mayo', 2026, 24, 'domingo', 7, 0, 22, NULL, NULL, NULL, NULL, NULL),
('2026-05-25', 1, 'mayo', 2026, 25, 'lunes', 1, 0, 22, NULL, NULL, NULL, NULL, NULL),
('2026-05-26', 1, 'mayo', 2026, 26, 'martes', 2, 0, 22, NULL, NULL, NULL, NULL, NULL),
('2026-05-27', 1, 'mayo', 2026, 27, 'miércoles', 3, 0, 22, NULL, NULL, NULL, NULL, NULL),
('2026-05-28', 1, 'mayo', 2026, 28, 'jueves', 4, 0, 22, NULL, NULL, NULL, NULL, NULL),
('2026-05-29', 1, 'mayo', 2026, 29, 'viernes', 5, 0, 22, NULL, NULL, NULL, NULL, NULL),
('2026-05-30', 1, 'mayo', 2026, 30, 'sábado', 6, 0, 22, NULL, NULL, NULL, NULL, NULL),
('2026-05-31', 0, 'mayo', 2026, 31, 'domingo', 7, 0, 23, NULL, NULL, NULL, NULL, NULL),
('2026-06-01', 1, 'junio', 2026, 1, 'lunes', 1, 0, 23, NULL, NULL, NULL, NULL, NULL),
('2026-06-02', 1, 'junio', 2026, 2, 'martes', 2, 0, 23, NULL, NULL, NULL, NULL, NULL),
('2026-06-03', 1, 'junio', 2026, 3, 'miércoles', 3, 0, 23, NULL, NULL, NULL, NULL, NULL),
('2026-06-04', 1, 'junio', 2026, 4, 'jueves', 4, 0, 23, NULL, NULL, NULL, NULL, NULL),
('2026-06-05', 1, 'junio', 2026, 5, 'viernes', 5, 0, 23, NULL, NULL, NULL, NULL, NULL),
('2026-06-06', 1, 'junio', 2026, 6, 'sábado', 6, 0, 23, NULL, NULL, NULL, NULL, NULL),
('2026-06-07', 0, 'junio', 2026, 7, 'domingo', 7, 0, 24, NULL, NULL, NULL, NULL, NULL),
('2026-06-08', 1, 'junio', 2026, 8, 'lunes', 1, 0, 24, NULL, NULL, NULL, NULL, NULL),
('2026-06-09', 1, 'junio', 2026, 9, 'martes', 2, 0, 24, NULL, NULL, NULL, NULL, NULL),
('2026-06-10', 1, 'junio', 2026, 10, 'miércoles', 3, 0, 24, NULL, NULL, NULL, NULL, NULL),
('2026-06-11', 1, 'junio', 2026, 11, 'jueves', 4, 0, 24, NULL, NULL, NULL, NULL, NULL),
('2026-06-12', 1, 'junio', 2026, 12, 'viernes', 5, 0, 24, NULL, NULL, NULL, NULL, NULL),
('2026-06-13', 1, 'junio', 2026, 13, 'sábado', 6, 0, 24, NULL, NULL, NULL, NULL, NULL),
('2026-06-14', 0, 'junio', 2026, 14, 'domingo', 7, 0, 25, NULL, NULL, NULL, NULL, NULL),
('2026-06-15', 1, 'junio', 2026, 15, 'lunes', 1, 0, 25, NULL, NULL, NULL, NULL, NULL),
('2026-06-16', 1, 'junio', 2026, 16, 'martes', 2, 0, 25, NULL, NULL, NULL, NULL, NULL),
('2026-06-17', 1, 'junio', 2026, 17, 'miércoles', 3, 0, 25, NULL, NULL, NULL, NULL, NULL),
('2026-06-18', 1, 'junio', 2026, 18, 'jueves', 4, 0, 25, NULL, NULL, NULL, NULL, NULL),
('2026-06-19', 1, 'junio', 2026, 19, 'viernes', 5, 0, 25, NULL, NULL, NULL, NULL, NULL),
('2026-06-20', 1, 'junio', 2026, 20, 'sábado', 6, 0, 25, NULL, NULL, NULL, NULL, NULL),
('2026-06-21', 0, 'junio', 2026, 21, 'domingo', 7, 0, 26, NULL, NULL, NULL, NULL, NULL),
('2026-06-22', 1, 'junio', 2026, 22, 'lunes', 1, 0, 26, NULL, NULL, NULL, NULL, NULL),
('2026-06-23', 1, 'junio', 2026, 23, 'martes', 2, 0, 26, NULL, NULL, NULL, NULL, NULL),
('2026-06-24', 1, 'junio', 2026, 24, 'miércoles', 3, 0, 26, NULL, NULL, NULL, NULL, NULL),
('2026-06-25', 1, 'junio', 2026, 25, 'jueves', 4, 0, 26, NULL, NULL, NULL, NULL, NULL),
('2026-06-26', 1, 'junio', 2026, 26, 'viernes', 5, 0, 26, NULL, NULL, NULL, NULL, NULL),
('2026-06-27', 1, 'junio', 2026, 27, 'sábado', 6, 0, 26, NULL, NULL, NULL, NULL, NULL),
('2026-06-28', 0, 'junio', 2026, 28, 'domingo', 7, 0, 27, NULL, NULL, NULL, NULL, NULL),
('2026-06-29', 1, 'junio', 2026, 29, 'lunes', 1, 0, 27, NULL, NULL, NULL, NULL, NULL),
('2026-06-30', 1, 'junio', 2026, 30, 'martes', 2, 0, 27, NULL, NULL, NULL, NULL, NULL),
('2026-07-01', 1, 'julio', 2026, 1, 'miércoles', 3, 0, 27, NULL, NULL, NULL, NULL, NULL),
('2026-07-02', 1, 'julio', 2026, 2, 'jueves', 4, 0, 27, NULL, NULL, NULL, NULL, NULL),
('2026-07-03', 1, 'julio', 2026, 3, 'viernes', 5, 0, 27, NULL, NULL, NULL, NULL, NULL),
('2026-07-04', 1, 'julio', 2026, 4, 'sábado', 6, 0, 27, NULL, NULL, NULL, NULL, NULL),
('2026-07-05', 0, 'julio', 2026, 5, 'domingo', 7, 0, 28, NULL, NULL, NULL, NULL, NULL),
('2026-07-06', 1, 'julio', 2026, 6, 'lunes', 1, 0, 28, NULL, NULL, NULL, NULL, NULL),
('2026-07-07', 1, 'julio', 2026, 7, 'martes', 2, 0, 28, NULL, NULL, NULL, NULL, NULL),
('2026-07-08', 1, 'julio', 2026, 8, 'miércoles', 3, 0, 28, NULL, NULL, NULL, NULL, NULL),
('2026-07-09', 1, 'julio', 2026, 9, 'jueves', 4, 0, 28, NULL, NULL, NULL, NULL, NULL),
('2026-07-10', 1, 'julio', 2026, 10, 'viernes', 5, 0, 28, NULL, NULL, NULL, NULL, NULL),
('2026-07-11', 1, 'julio', 2026, 11, 'sábado', 6, 0, 28, NULL, NULL, NULL, NULL, NULL);
INSERT INTO `calendario` (`Fecha`, `Contador_Vac`, `Mes`, `Anio`, `NumDia`, `Dia`, `NumDiaSemana`, `Festivo`, `NumSemana`, `id_colaborador`, `id_colaboradorB`, `fecha_solicitud`, `id_supervisor`, `fecha_aprobacion`) VALUES
('2026-07-12', 0, 'julio', 2026, 12, 'domingo', 7, 0, 29, NULL, NULL, NULL, NULL, NULL),
('2026-07-13', 1, 'julio', 2026, 13, 'lunes', 1, 0, 29, NULL, NULL, NULL, NULL, NULL),
('2026-07-14', 1, 'julio', 2026, 14, 'martes', 2, 0, 29, NULL, NULL, NULL, NULL, NULL),
('2026-07-15', 1, 'julio', 2026, 15, 'miércoles', 3, 0, 29, NULL, NULL, NULL, NULL, NULL),
('2026-07-16', 1, 'julio', 2026, 16, 'jueves', 4, 0, 29, NULL, NULL, NULL, NULL, NULL),
('2026-07-17', 1, 'julio', 2026, 17, 'viernes', 5, 0, 29, NULL, NULL, NULL, NULL, NULL),
('2026-07-18', 1, 'julio', 2026, 18, 'sábado', 6, 0, 29, NULL, NULL, NULL, NULL, NULL),
('2026-07-19', 0, 'julio', 2026, 19, 'domingo', 7, 0, 30, NULL, NULL, NULL, NULL, NULL),
('2026-07-20', 1, 'julio', 2026, 20, 'lunes', 1, 0, 30, NULL, NULL, NULL, NULL, NULL),
('2026-07-21', 1, 'julio', 2026, 21, 'martes', 2, 0, 30, NULL, NULL, NULL, NULL, NULL),
('2026-07-22', 1, 'julio', 2026, 22, 'miércoles', 3, 0, 30, NULL, NULL, NULL, NULL, NULL),
('2026-07-23', 1, 'julio', 2026, 23, 'jueves', 4, 0, 30, NULL, NULL, NULL, NULL, NULL),
('2026-07-24', 1, 'julio', 2026, 24, 'viernes', 5, 0, 30, NULL, NULL, NULL, NULL, NULL),
('2026-07-25', 1, 'julio', 2026, 25, 'sábado', 6, 0, 30, NULL, NULL, NULL, NULL, NULL),
('2026-07-26', 0, 'julio', 2026, 26, 'domingo', 7, 0, 31, NULL, NULL, NULL, NULL, NULL),
('2026-07-27', 1, 'julio', 2026, 27, 'lunes', 1, 0, 31, NULL, NULL, NULL, NULL, NULL),
('2026-07-28', 1, 'julio', 2026, 28, 'martes', 2, 0, 31, NULL, NULL, NULL, NULL, NULL),
('2026-07-29', 1, 'julio', 2026, 29, 'miércoles', 3, 0, 31, NULL, NULL, NULL, NULL, NULL),
('2026-07-30', 1, 'julio', 2026, 30, 'jueves', 4, 0, 31, NULL, NULL, NULL, NULL, NULL),
('2026-07-31', 1, 'julio', 2026, 31, 'viernes', 5, 0, 31, NULL, NULL, NULL, NULL, NULL),
('2026-08-01', 1, 'agosto', 2026, 1, 'sábado', 6, 0, 31, NULL, NULL, NULL, NULL, NULL),
('2026-08-02', 0, 'agosto', 2026, 2, 'domingo', 7, 0, 32, NULL, NULL, NULL, NULL, NULL),
('2026-08-03', 1, 'agosto', 2026, 3, 'lunes', 1, 0, 32, NULL, NULL, NULL, NULL, NULL),
('2026-08-04', 1, 'agosto', 2026, 4, 'martes', 2, 0, 32, NULL, NULL, NULL, NULL, NULL),
('2026-08-05', 1, 'agosto', 2026, 5, 'miércoles', 3, 0, 32, NULL, NULL, NULL, NULL, NULL),
('2026-08-06', 1, 'agosto', 2026, 6, 'jueves', 4, 0, 32, NULL, NULL, NULL, NULL, NULL),
('2026-08-07', 1, 'agosto', 2026, 7, 'viernes', 5, 0, 32, NULL, NULL, NULL, NULL, NULL),
('2026-08-08', 1, 'agosto', 2026, 8, 'sábado', 6, 0, 32, NULL, NULL, NULL, NULL, NULL),
('2026-08-09', 0, 'agosto', 2026, 9, 'domingo', 7, 0, 33, NULL, NULL, NULL, NULL, NULL),
('2026-08-10', 1, 'agosto', 2026, 10, 'lunes', 1, 0, 33, NULL, NULL, NULL, NULL, NULL),
('2026-08-11', 1, 'agosto', 2026, 11, 'martes', 2, 0, 33, NULL, NULL, NULL, NULL, NULL),
('2026-08-12', 1, 'agosto', 2026, 12, 'miércoles', 3, 0, 33, NULL, NULL, NULL, NULL, NULL),
('2026-08-13', 1, 'agosto', 2026, 13, 'jueves', 4, 0, 33, NULL, NULL, NULL, NULL, NULL),
('2026-08-14', 1, 'agosto', 2026, 14, 'viernes', 5, 0, 33, NULL, NULL, NULL, NULL, NULL),
('2026-08-15', 1, 'agosto', 2026, 15, 'sábado', 6, 0, 33, NULL, NULL, NULL, NULL, NULL),
('2026-08-16', 0, 'agosto', 2026, 16, 'domingo', 7, 0, 34, NULL, NULL, NULL, NULL, NULL),
('2026-08-17', 1, 'agosto', 2026, 17, 'lunes', 1, 0, 34, NULL, NULL, NULL, NULL, NULL),
('2026-08-18', 1, 'agosto', 2026, 18, 'martes', 2, 0, 34, NULL, NULL, NULL, NULL, NULL),
('2026-08-19', 1, 'agosto', 2026, 19, 'miércoles', 3, 0, 34, NULL, NULL, NULL, NULL, NULL),
('2026-08-20', 1, 'agosto', 2026, 20, 'jueves', 4, 0, 34, NULL, NULL, NULL, NULL, NULL),
('2026-08-21', 1, 'agosto', 2026, 21, 'viernes', 5, 0, 34, NULL, NULL, NULL, NULL, NULL),
('2026-08-22', 1, 'agosto', 2026, 22, 'sábado', 6, 0, 34, NULL, NULL, NULL, NULL, NULL),
('2026-08-23', 0, 'agosto', 2026, 23, 'domingo', 7, 0, 35, NULL, NULL, NULL, NULL, NULL),
('2026-08-24', 1, 'agosto', 2026, 24, 'lunes', 1, 0, 35, NULL, NULL, NULL, NULL, NULL),
('2026-08-25', 1, 'agosto', 2026, 25, 'martes', 2, 0, 35, NULL, NULL, NULL, NULL, NULL),
('2026-08-26', 1, 'agosto', 2026, 26, 'miércoles', 3, 0, 35, NULL, NULL, NULL, NULL, NULL),
('2026-08-27', 1, 'agosto', 2026, 27, 'jueves', 4, 0, 35, NULL, NULL, NULL, NULL, NULL),
('2026-08-28', 1, 'agosto', 2026, 28, 'viernes', 5, 0, 35, NULL, NULL, NULL, NULL, NULL),
('2026-08-29', 1, 'agosto', 2026, 29, 'sábado', 6, 0, 35, NULL, NULL, NULL, NULL, NULL),
('2026-08-30', 0, 'agosto', 2026, 30, 'domingo', 7, 0, 36, NULL, NULL, NULL, NULL, NULL),
('2026-08-31', 1, 'agosto', 2026, 31, 'lunes', 1, 0, 36, NULL, NULL, NULL, NULL, NULL),
('2026-09-01', 1, 'septiembre', 2026, 1, 'martes', 2, 0, 36, NULL, NULL, NULL, NULL, NULL),
('2026-09-02', 1, 'septiembre', 2026, 2, 'miércoles', 3, 0, 36, NULL, NULL, NULL, NULL, NULL),
('2026-09-03', 1, 'septiembre', 2026, 3, 'jueves', 4, 0, 36, NULL, NULL, NULL, NULL, NULL),
('2026-09-04', 1, 'septiembre', 2026, 4, 'viernes', 5, 0, 36, NULL, NULL, NULL, NULL, NULL),
('2026-09-05', 1, 'septiembre', 2026, 5, 'sábado', 6, 0, 36, NULL, NULL, NULL, NULL, NULL),
('2026-09-06', 0, 'septiembre', 2026, 6, 'domingo', 7, 0, 37, NULL, NULL, NULL, NULL, NULL),
('2026-09-07', 1, 'septiembre', 2026, 7, 'lunes', 1, 0, 37, NULL, NULL, NULL, NULL, NULL),
('2026-09-08', 1, 'septiembre', 2026, 8, 'martes', 2, 0, 37, NULL, NULL, NULL, NULL, NULL),
('2026-09-09', 1, 'septiembre', 2026, 9, 'miércoles', 3, 0, 37, NULL, NULL, NULL, NULL, NULL),
('2026-09-10', 1, 'septiembre', 2026, 10, 'jueves', 4, 0, 37, NULL, NULL, NULL, NULL, NULL),
('2026-09-11', 1, 'septiembre', 2026, 11, 'viernes', 5, 0, 37, NULL, NULL, NULL, NULL, NULL),
('2026-09-12', 1, 'septiembre', 2026, 12, 'sábado', 6, 0, 37, NULL, NULL, NULL, NULL, NULL),
('2026-09-13', 0, 'septiembre', 2026, 13, 'domingo', 7, 0, 38, NULL, NULL, NULL, NULL, NULL),
('2026-09-14', 1, 'septiembre', 2026, 14, 'lunes', 1, 0, 38, NULL, NULL, NULL, NULL, NULL),
('2026-09-15', 1, 'septiembre', 2026, 15, 'martes', 2, 0, 38, NULL, NULL, NULL, NULL, NULL),
('2026-09-16', 0, 'septiembre', 2026, 16, 'miércoles', 3, 1, 38, NULL, NULL, NULL, NULL, NULL),
('2026-09-17', 1, 'septiembre', 2026, 17, 'jueves', 4, 0, 38, NULL, NULL, NULL, NULL, NULL),
('2026-09-18', 1, 'septiembre', 2026, 18, 'viernes', 5, 0, 38, NULL, NULL, NULL, NULL, NULL),
('2026-09-19', 1, 'septiembre', 2026, 19, 'sábado', 6, 0, 38, NULL, NULL, NULL, NULL, NULL),
('2026-09-20', 0, 'septiembre', 2026, 20, 'domingo', 7, 0, 39, NULL, NULL, NULL, NULL, NULL),
('2026-09-21', 1, 'septiembre', 2026, 21, 'lunes', 1, 0, 39, NULL, NULL, NULL, NULL, NULL),
('2026-09-22', 1, 'septiembre', 2026, 22, 'martes', 2, 0, 39, NULL, NULL, NULL, NULL, NULL),
('2026-09-23', 1, 'septiembre', 2026, 23, 'miércoles', 3, 0, 39, NULL, NULL, NULL, NULL, NULL),
('2026-09-24', 1, 'septiembre', 2026, 24, 'jueves', 4, 0, 39, NULL, NULL, NULL, NULL, NULL),
('2026-09-25', 1, 'septiembre', 2026, 25, 'viernes', 5, 0, 39, NULL, NULL, NULL, NULL, NULL),
('2026-09-26', 1, 'septiembre', 2026, 26, 'sábado', 6, 0, 39, NULL, NULL, NULL, NULL, NULL),
('2026-09-27', 0, 'septiembre', 2026, 27, 'domingo', 7, 0, 40, NULL, NULL, NULL, NULL, NULL),
('2026-09-28', 1, 'septiembre', 2026, 28, 'lunes', 1, 0, 40, NULL, NULL, NULL, NULL, NULL),
('2026-09-29', 1, 'septiembre', 2026, 29, 'martes', 2, 0, 40, NULL, NULL, NULL, NULL, NULL),
('2026-09-30', 1, 'septiembre', 2026, 30, 'miércoles', 3, 0, 40, NULL, NULL, NULL, NULL, NULL),
('2026-10-01', 1, 'octubre', 2026, 1, 'jueves', 4, 0, 40, NULL, NULL, NULL, NULL, NULL),
('2026-10-02', 1, 'octubre', 2026, 2, 'viernes', 5, 0, 40, NULL, NULL, NULL, NULL, NULL),
('2026-10-03', 1, 'octubre', 2026, 3, 'sábado', 6, 0, 40, NULL, NULL, NULL, NULL, NULL),
('2026-10-04', 0, 'octubre', 2026, 4, 'domingo', 7, 0, 41, NULL, NULL, NULL, NULL, NULL),
('2026-10-05', 1, 'octubre', 2026, 5, 'lunes', 1, 0, 41, NULL, NULL, NULL, NULL, NULL),
('2026-10-06', 1, 'octubre', 2026, 6, 'martes', 2, 0, 41, NULL, NULL, NULL, NULL, NULL),
('2026-10-07', 1, 'octubre', 2026, 7, 'miércoles', 3, 0, 41, NULL, NULL, NULL, NULL, NULL),
('2026-10-08', 1, 'octubre', 2026, 8, 'jueves', 4, 0, 41, NULL, NULL, NULL, NULL, NULL),
('2026-10-09', 1, 'octubre', 2026, 9, 'viernes', 5, 0, 41, NULL, NULL, NULL, NULL, NULL),
('2026-10-10', 1, 'octubre', 2026, 10, 'sábado', 6, 0, 41, NULL, NULL, NULL, NULL, NULL),
('2026-10-11', 0, 'octubre', 2026, 11, 'domingo', 7, 0, 42, NULL, NULL, NULL, NULL, NULL),
('2026-10-12', 1, 'octubre', 2026, 12, 'lunes', 1, 0, 42, NULL, NULL, NULL, NULL, NULL),
('2026-10-13', 1, 'octubre', 2026, 13, 'martes', 2, 0, 42, NULL, NULL, NULL, NULL, NULL),
('2026-10-14', 1, 'octubre', 2026, 14, 'miércoles', 3, 0, 42, NULL, NULL, NULL, NULL, NULL),
('2026-10-15', 1, 'octubre', 2026, 15, 'jueves', 4, 0, 42, NULL, NULL, NULL, NULL, NULL),
('2026-10-16', 1, 'octubre', 2026, 16, 'viernes', 5, 0, 42, NULL, NULL, NULL, NULL, NULL),
('2026-10-17', 1, 'octubre', 2026, 17, 'sábado', 6, 0, 42, NULL, NULL, NULL, NULL, NULL),
('2026-10-18', 0, 'octubre', 2026, 18, 'domingo', 7, 0, 43, NULL, NULL, NULL, NULL, NULL),
('2026-10-19', 1, 'octubre', 2026, 19, 'lunes', 1, 0, 43, NULL, NULL, NULL, NULL, NULL),
('2026-10-20', 1, 'octubre', 2026, 20, 'martes', 2, 0, 43, NULL, NULL, NULL, NULL, NULL),
('2026-10-21', 1, 'octubre', 2026, 21, 'miércoles', 3, 0, 43, NULL, NULL, NULL, NULL, NULL),
('2026-10-22', 1, 'octubre', 2026, 22, 'jueves', 4, 0, 43, NULL, NULL, NULL, NULL, NULL),
('2026-10-23', 1, 'octubre', 2026, 23, 'viernes', 5, 0, 43, NULL, NULL, NULL, NULL, NULL),
('2026-10-24', 1, 'octubre', 2026, 24, 'sábado', 6, 0, 43, NULL, NULL, NULL, NULL, NULL),
('2026-10-25', 0, 'octubre', 2026, 25, 'domingo', 7, 0, 44, NULL, NULL, NULL, NULL, NULL),
('2026-10-26', 1, 'octubre', 2026, 26, 'lunes', 1, 0, 44, NULL, NULL, NULL, NULL, NULL),
('2026-10-27', 1, 'octubre', 2026, 27, 'martes', 2, 0, 44, NULL, NULL, NULL, NULL, NULL),
('2026-10-28', 1, 'octubre', 2026, 28, 'miércoles', 3, 0, 44, NULL, NULL, NULL, NULL, NULL),
('2026-10-29', 1, 'octubre', 2026, 29, 'jueves', 4, 0, 44, NULL, NULL, NULL, NULL, NULL),
('2026-10-30', 1, 'octubre', 2026, 30, 'viernes', 5, 0, 44, NULL, NULL, NULL, NULL, NULL),
('2026-10-31', 1, 'octubre', 2026, 31, 'sábado', 6, 0, 44, NULL, NULL, NULL, NULL, NULL),
('2026-11-01', 0, 'noviembre', 2026, 1, 'domingo', 7, 0, 45, NULL, NULL, NULL, NULL, NULL),
('2026-11-02', 1, 'noviembre', 2026, 2, 'lunes', 1, 0, 45, NULL, NULL, NULL, NULL, NULL),
('2026-11-03', 1, 'noviembre', 2026, 3, 'martes', 2, 0, 45, NULL, NULL, NULL, NULL, NULL),
('2026-11-04', 1, 'noviembre', 2026, 4, 'miércoles', 3, 0, 45, NULL, NULL, NULL, NULL, NULL),
('2026-11-05', 1, 'noviembre', 2026, 5, 'jueves', 4, 0, 45, NULL, NULL, NULL, NULL, NULL),
('2026-11-06', 1, 'noviembre', 2026, 6, 'viernes', 5, 0, 45, NULL, NULL, NULL, NULL, NULL),
('2026-11-07', 1, 'noviembre', 2026, 7, 'sábado', 6, 0, 45, NULL, NULL, NULL, NULL, NULL),
('2026-11-08', 0, 'noviembre', 2026, 8, 'domingo', 7, 0, 46, NULL, NULL, NULL, NULL, NULL),
('2026-11-09', 1, 'noviembre', 2026, 9, 'lunes', 1, 0, 46, NULL, NULL, NULL, NULL, NULL),
('2026-11-10', 1, 'noviembre', 2026, 10, 'martes', 2, 0, 46, NULL, NULL, NULL, NULL, NULL),
('2026-11-11', 1, 'noviembre', 2026, 11, 'miércoles', 3, 0, 46, NULL, NULL, NULL, NULL, NULL),
('2026-11-12', 1, 'noviembre', 2026, 12, 'jueves', 4, 0, 46, NULL, NULL, NULL, NULL, NULL),
('2026-11-13', 1, 'noviembre', 2026, 13, 'viernes', 5, 0, 46, NULL, NULL, NULL, NULL, NULL),
('2026-11-14', 1, 'noviembre', 2026, 14, 'sábado', 6, 0, 46, NULL, NULL, NULL, NULL, NULL),
('2026-11-15', 0, 'noviembre', 2026, 15, 'domingo', 7, 0, 47, NULL, NULL, NULL, NULL, NULL),
('2026-11-16', 0, 'noviembre', 2026, 16, 'lunes', 1, 1, 47, NULL, NULL, NULL, NULL, NULL),
('2026-11-17', 1, 'noviembre', 2026, 17, 'martes', 2, 0, 47, NULL, NULL, NULL, NULL, NULL),
('2026-11-18', 1, 'noviembre', 2026, 18, 'miércoles', 3, 0, 47, NULL, NULL, NULL, NULL, NULL),
('2026-11-19', 1, 'noviembre', 2026, 19, 'jueves', 4, 0, 47, NULL, NULL, NULL, NULL, NULL),
('2026-11-20', 1, 'noviembre', 2026, 20, 'viernes', 5, 0, 47, NULL, NULL, NULL, NULL, NULL),
('2026-11-21', 1, 'noviembre', 2026, 21, 'sábado', 6, 0, 47, NULL, NULL, NULL, NULL, NULL),
('2026-11-22', 0, 'noviembre', 2026, 22, 'domingo', 7, 0, 48, NULL, NULL, NULL, NULL, NULL),
('2026-11-23', 1, 'noviembre', 2026, 23, 'lunes', 1, 0, 48, NULL, NULL, NULL, NULL, NULL),
('2026-11-24', 1, 'noviembre', 2026, 24, 'martes', 2, 0, 48, NULL, NULL, NULL, NULL, NULL),
('2026-11-25', 1, 'noviembre', 2026, 25, 'miércoles', 3, 0, 48, NULL, NULL, NULL, NULL, NULL),
('2026-11-26', 1, 'noviembre', 2026, 26, 'jueves', 4, 0, 48, NULL, NULL, NULL, NULL, NULL),
('2026-11-27', 1, 'noviembre', 2026, 27, 'viernes', 5, 0, 48, NULL, NULL, NULL, NULL, NULL),
('2026-11-28', 1, 'noviembre', 2026, 28, 'sábado', 6, 0, 48, NULL, NULL, NULL, NULL, NULL),
('2026-11-29', 0, 'noviembre', 2026, 29, 'domingo', 7, 0, 49, NULL, NULL, NULL, NULL, NULL),
('2026-11-30', 1, 'noviembre', 2026, 30, 'lunes', 1, 0, 49, NULL, NULL, NULL, NULL, NULL),
('2026-12-01', 1, 'diciembre', 2026, 1, 'martes', 2, 0, 49, NULL, NULL, NULL, NULL, NULL),
('2026-12-02', 1, 'diciembre', 2026, 2, 'miércoles', 3, 0, 49, NULL, NULL, NULL, NULL, NULL),
('2026-12-03', 1, 'diciembre', 2026, 3, 'jueves', 4, 0, 49, NULL, NULL, NULL, NULL, NULL),
('2026-12-04', 1, 'diciembre', 2026, 4, 'viernes', 5, 0, 49, NULL, NULL, NULL, NULL, NULL),
('2026-12-05', 1, 'diciembre', 2026, 5, 'sábado', 6, 0, 49, NULL, NULL, NULL, NULL, NULL),
('2026-12-06', 0, 'diciembre', 2026, 6, 'domingo', 7, 0, 50, NULL, NULL, NULL, NULL, NULL),
('2026-12-07', 1, 'diciembre', 2026, 7, 'lunes', 1, 0, 50, NULL, NULL, NULL, NULL, NULL),
('2026-12-08', 1, 'diciembre', 2026, 8, 'martes', 2, 0, 50, NULL, NULL, NULL, NULL, NULL),
('2026-12-09', 1, 'diciembre', 2026, 9, 'miércoles', 3, 0, 50, NULL, NULL, NULL, NULL, NULL),
('2026-12-10', 1, 'diciembre', 2026, 10, 'jueves', 4, 0, 50, NULL, NULL, NULL, NULL, NULL),
('2026-12-11', 1, 'diciembre', 2026, 11, 'viernes', 5, 0, 50, NULL, NULL, NULL, NULL, NULL),
('2026-12-12', 1, 'diciembre', 2026, 12, 'sábado', 6, 0, 50, NULL, NULL, NULL, NULL, NULL),
('2026-12-13', 0, 'diciembre', 2026, 13, 'domingo', 7, 0, 51, NULL, NULL, NULL, NULL, NULL),
('2026-12-14', 1, 'diciembre', 2026, 14, 'lunes', 1, 0, 51, NULL, NULL, NULL, NULL, NULL),
('2026-12-15', 1, 'diciembre', 2026, 15, 'martes', 2, 0, 51, NULL, NULL, NULL, NULL, NULL),
('2026-12-16', 1, 'diciembre', 2026, 16, 'miércoles', 3, 0, 51, NULL, NULL, NULL, NULL, NULL),
('2026-12-17', 1, 'diciembre', 2026, 17, 'jueves', 4, 0, 51, NULL, NULL, NULL, NULL, NULL),
('2026-12-18', 1, 'diciembre', 2026, 18, 'viernes', 5, 0, 51, NULL, NULL, NULL, NULL, NULL),
('2026-12-19', 1, 'diciembre', 2026, 19, 'sábado', 6, 0, 51, NULL, NULL, NULL, NULL, NULL),
('2026-12-20', 0, 'diciembre', 2026, 20, 'domingo', 7, 0, 52, NULL, NULL, NULL, NULL, NULL),
('2026-12-21', 1, 'diciembre', 2026, 21, 'lunes', 1, 0, 52, NULL, NULL, NULL, NULL, NULL),
('2026-12-22', 1, 'diciembre', 2026, 22, 'martes', 2, 0, 52, NULL, NULL, NULL, NULL, NULL),
('2026-12-23', 1, 'diciembre', 2026, 23, 'miércoles', 3, 0, 52, NULL, NULL, NULL, NULL, NULL),
('2026-12-24', 1, 'diciembre', 2026, 24, 'jueves', 4, 0, 52, NULL, NULL, NULL, NULL, NULL),
('2026-12-25', 0, 'diciembre', 2026, 25, 'viernes', 5, 1, 52, NULL, NULL, NULL, NULL, NULL),
('2026-12-26', 1, 'diciembre', 2026, 26, 'sábado', 6, 0, 52, NULL, NULL, NULL, NULL, NULL),
('2026-12-27', 0, 'diciembre', 2026, 27, 'domingo', 7, 0, 53, NULL, NULL, NULL, NULL, NULL),
('2026-12-28', 1, 'diciembre', 2026, 28, 'lunes', 1, 0, 53, NULL, NULL, NULL, NULL, NULL),
('2026-12-29', 1, 'diciembre', 2026, 29, 'martes', 2, 0, 53, NULL, NULL, NULL, NULL, NULL),
('2026-12-30', 1, 'diciembre', 2026, 30, 'miércoles', 3, 0, 53, NULL, NULL, NULL, NULL, NULL),
('2026-12-31', 1, 'diciembre', 2026, 31, 'jueves', 4, 0, 53, NULL, NULL, NULL, NULL, NULL);

-- --------------------------------------------------------

--
-- Estructura de tabla para la tabla `colaborador`
--

CREATE TABLE `colaborador` (
  `ID_Empleado` int(3) NOT NULL,
  `NOMBRE_COMPLETO` varchar(500) DEFAULT NULL,
  `NOMBRES` varchar(200) DEFAULT NULL,
  `APELLIDO_PATERNO` varchar(100) DEFAULT NULL,
  `APELLIDO_MATERNO` varchar(100) DEFAULT NULL,
  `FECHA_INGRESO` date DEFAULT NULL,
  `Puesto` varchar(50) DEFAULT NULL,
  `User` varchar(25) DEFAULT NULL,
  `ini_pass` varchar(5) DEFAULT NULL,
  `Anio_Ini` int(4) DEFAULT NULL,
  `pass` varchar(10) DEFAULT NULL,
  `biometric` varbinary(50000) DEFAULT NULL,
  `estatus` int(1) NOT NULL
) ENGINE=InnoDB DEFAULT CHARSET=utf8;

--
-- Volcado de datos para la tabla `colaborador`
--

INSERT INTO `colaborador` (`ID_Empleado`, `NOMBRE_COMPLETO`, `NOMBRES`, `APELLIDO_PATERNO`, `APELLIDO_MATERNO`, `FECHA_INGRESO`, `Puesto`, `User`, `ini_pass`, `Anio_Ini`, `pass`, `biometric`, `estatus`) VALUES
(1, 'DELIA ALEJANDRA SANTIAGO ROJAS', 'DELIA ALEJANDRA', 'SANTIAGO', 'ROJAS', '1993-01-11', '1', 'desantiago', 'AOS', 1993, 'AOS1993', 0x00f86901c82ae3735cc0413709ab7130ee145592cebc1ed80c33df3865ba96c230ce6948c29d76a3648c110ff86ecbdfc907e8d08bf44d9c5d21d772c02c5b1214e330cc47a66bb2f676cfcd2b3fb78166419d9c5e5f145c0be9148db57acdcbac2a4644e41cc8487c09e3bd82909a5e58cdfaa90c3b9f3668bab91e353a0043959f0feba782b7c44ba467cb05d8354cd1f1a7d2a23e2fec581132cf3f6556d6461408a4447f6c53084758f4add42aa83a71c0b5a71db304a17a5ffcaa5b84709733be65363552c2f5f33873762b2eefc6820860a2d33822fed4cbad2e82ff4a82d01748cf70f18d12656f9542e0f7237d1387b1acb54d7dea4682adee094996b2e864d03e7213fce9e83a5a1991826dd201d2b2534f5e0a276ff7aaa59208c83c463be436c935f1047f8d50ff80e913882bfe8c7b08db27e651ab5b4e74718c658db6ac3ed2ac388da6b0a20cebe14d18ce58a20746037d0ea078c0ff4694e642a5fe7d4b73b9138eca21b5386f00f84c01c82ae3735cc0413709ab71b0c31455929a651d1b60a56e09c346bf6a6038051d09b9727d67965f9f420798cb7bd80cb0a415e041a1ef75c0e0746d935e7172f35b02545f7b91627bc80182bf88cc3427b385354d3ea51a3182a1f741dcedeb6cf51ad3d1747c33ac902bd79f4e2e21f6b82f56354d25caf7e793c9ea990afbaddeefb8db74aaff46984f0bbde66999ee067e03d0a7821304b284f7cc5672d1a40382fb9a0909751ab55fd7820c3461948d459daea3aa58d0cbac549fa9e908eb4f6bf9621a6d07617e18560b455c877478166d8f89dfba2dc68ef3cc85ad2c73b84e6823cc5fdab8839e411658ea7e903f7bee9c9d8e221f93f89ba2951e272cd16fe05fbefdc492540f5589c328d3aea744bc0957070f6d1cb12515b5698f1313e84354e1719fc0ec716a4bb89df240b386558b56fd3473d33ecc0b29cadadcf6f04a92852d6590a7dddc6d6f00f88001c82ae3735cc0413709ab71b0e514559297f355bdde250a64d142d1b67fab7559269495a872529209487ace468af531333ef4fb3f3f08b856facdb4c1441018879ed4a7e7e0c3ab5385fbfb05940b7721bf60d51499e458d9f3c81872fc25900896c4ca9e980ae86d819a6ed1dc6c388f43ffc3d5100baaceba0cb57edab1d55e1ee7b3e515063de93c7bba662374f5be8d1db7f7a6ab067b555e70fbd1ca3ab238751f3e9d121ee8d1b1497d927d3f030dd92fbbeb29e6c46870742012b0e2b8ee1b90107c8f91d4ec9d6ff8f8dba5b54c7507c091d0c69c2e0b1dd8ef97d0569eaf56b54af40824f7958a616cb6b6e0a3a7efa3056568db11dac6ef32a658c86d28aeae05e9b063c7d79ca043f467b24cff9ff58a18c888472e9fa2fd233d41b3ea786393a4d246ed925a4e2b07840d45b7117e2d6cff5b467ca18b2b99e7cdbaa562973c741618807d5751473759fbe336a95eefffde77dc014059c6b5bd6182a8529813714c13db4a3fd95696ba1e8e4ab19cf254232ff378ef0312e3fd576f00e83101c82ae3735cc0413709ab71f0c61455923cefa0c703cb2b00380ede0c9d8784d13467d5f33d19ac4eb7ec8e9a6092b21ee8cb06f7b8a29067e8b04b623b32da24c7547f7f55a6f924dc513dc433fe0f7775e40a0531a7a7fb24f2fa10a00d6ec4a34631394aeeb233b1d88cd13133fcf133fe95bf82aa5a9f419aa731621849c1cb657d9f2f54aa144e8686b567b4f652d57558a6b1685b407ef8c71d80cb140d5c1a644b9ae1f19b94319fc7fea08a5bf4092df55f4d583c153945cc3e8f7ee85749dd45eb0c44590d558317303f456cf66b1aa8e6bd8e77f8fe3aaafe200ff6b143ca92e2ce7ace3e6baa92ef00afb4130fc1b3d5096f96e511fee333209db3591a98a48b9c1167779cf34b498da8bc53a4cf3fa5a6539a9fb1663d61bd9c90651b9232533925c9a881c1f0a4c568caa36f0000000000000000000000000000000000000000000000000000000000000000000000000000000000000000000000000000000000000000000000000000000000000000000000000000000000000000000000000000000000000000000000000000000000000000000000000000000000000000000000000000000000000000000000000000000000000000000000000000000000000000000000000000000000000000000000000000000000000000000000000000000000000000000000000000000000000000000000000000000000000000000000000000000000000000000000000000, 0),
(2, 'JESSICA HERNANDEZ FLORES', 'JESSICA', 'HERNANDEZ', 'FLORES', '2020-02-04', '2', 'jehernandez', 'AZS', 2020, 'AZS2020', NULL, 1),
(3, 'SOCORRO RAMÍREZ MURILLO', 'SOCORRO', 'RAMÍREZ', 'MURILLO', '1995-02-24', '2', 'soramirez', 'OZO', 1995, 'OZO1995', 0x00f87f01c82ae3735cc0413709ab71f0fe1455928fe80df730e73889bd3265f2b0a9159b69b8c9b087fe11ec9eececb3f3f42089870e3a7425b2f8606ad59d12490b3a725470cd09360d0df213e06f4eb9ceb442ad5458411138deb841dd24582dfc7f3897b99434808a82474c4bf2aa27c6372d9c32dabef352ac29fba919dcab75de4960bdeb569b5aaa179890ebeb9d6324329a229db9c79928052f777f65bb64a471fe83639add9d8a108dcf9b6c793c4b38159d446dc3f3f28dc9bd6831c26bb697df833a2de95ae33bd418e598d53b7866f9e7a1bacde078e4c5f7a7f12f55dba2657753be54f99baeabc1f2f101cc6d96730367559fa8e60ec8e013da8375c9b2a6a91ca659317b7c25fd308de220e841a75c58b06758f1316ba08b8579241ea2855d9b2ca6d55af1f29c1b0d09fabf48c2e3b6ce140bd6ff578c6e2d81160ffbb6e857dee2ba99fb1330f72bb9e4d41c705281e6ab14cc15a885da294c2c4630e58a117ea8dadf567036ce38c71406d99884c441f15e65577515c8ac9baa856f00f88001c82ae3735cc0413709ab7130f01455925d39a441ec6190eeaea125c5ec96f96b7aea72703d84abb4c8f7421c7493a9498249eeb9ca6607d14b6a9c961256b31ccd1795023bbd26448119a7e61a69acbbf988e45496f0c5bfe25d8c114deb0efe322ef8a7c0bc1d44b2bd72231ec4226f4ff97a2cadd25e033504e6e25fb273a6ac5644853df18979b2d06c70cde6ef8bd579e6807764e03303f16d1eb62f6effbc4a7d8166fd3027485c082ddc3218b7aec07692b7d412ad01eb62e90faebbca1d6a529ffdfb4e5507e0ad34edf06b2c66fd5f6b60b63ef6bb11de8b9b5cb503746d830fb7acc1c76efbd4deff04b15d0e512561ffcaa0468009657483fb4ab2ca672ad7abddbd2332caf906b068f20c80ec1daf0b96dec664fb2e4bc71030e7ab2d2787240d81df1d6fd0d11d05d0df50d23a215d84f301b470efef00dfcbcda572e55a5f817eb389c6992cabe51f100c4317a69a925c872e4957ff4ad94f7c63a2ff24d37dbef8c402d69be942e62689cb7b5acf12a66f3529590c2bc966e56f00f88001c82ae3735cc0413709ab7170d714559268a1458b2e49ea7aaee76e70896b425dd71e903c18623dbc233fbf1a62bd5c8d69cc6ce957983dd6077a67efcfbe93efc057d621daf00c36386f81285ec423d2cd372ba382e45522c1961e632a4772701efeca3816e3fa431e0ecacba4fd5a28597326a00bb595cde5b189cbeb73aa97fa4f7284396e332d845f3a0706f658705090384c6ab7be92e754742080f3f6c9f98c9c5b6702ca7c7df2f1c6a1a9d9118da9f40fa1c41ac6490029c02928bf8f9729b0e225a0d9dca068cedbc212f9c7227b4516acf834d9cf9c36186084478d9de65b91475a295ab7df0ec70f32d57dde157a81b943aa40df1b63e479c45f476bd040d8c5da585a7e0796b468a74d670254099f11a5397bb48df3c730aed4c3365619e21ff7d271b0ff0b4dfc23b8608c5a0ebecc85f0f97b9f8b3e59b6d9987cc4b020e940ee81531a2d6d12fb79a599b3dd9c0d5c83aa170272cfb76693fe93d30bbd129d373e1dd9b7f6bf718dd42f6f911fee58188f53624654235ad22f6f00e88001c82ae3735cc0413709ab7130dc145592e047fac293042981fb049de442356b40a2d0072df74cc708605c0908604ab015dd2295bb652055a6b00dfe0ed4f604a941fcc101422177b80027da1d0eecff38eff6a95285a53874cd39d11a8a44a3af0bfc92e2b5867314c3ed45dd12433addaf6432b7c2746e23fbbbef5381f122adcb8ed087f273a862da6892a8ab1571901fe57cf1db6546003d9ed01c6d21028014468470b7e9587d60acb05d0e22eca7032f0487650f157825ea41232f1662c8e0beb7acb1e419f56c2b95cba8a6a8386dbc455ea5b8ce71ea48eec24213b351543c706b0f6b146100fd3c796a03d3e4faae26aad5631596a2df5c9bb69ba04da63267a0e4e86db83b2f9a2ecb52d84510ca52b570a745c69d1e12a83787e85cc121d52a686256c56af0e22ba8bfc3d8650d528407710315e6fe7b4d3fe2fe1fa667e97182092f304568e65f334a9a507495d69ef2aac2714178ad34a8448b0b94f526aa7a0ae8789259ad8f70984aca30e0295c28e6fdde2fcd0376cd406ef56f0000000000000000000000000000000000000000000000000000000000000000000000000000000000000000000000000000000000000000000000000000000000000000000000000000000000, 0),
(4, 'ELIZABETH VILLICAÑA HERNÁNDEZ', 'ELIZABETH', 'VILLICAÑA', 'HERNÁNDEZ', '1993-03-03', '2', 'elvillicana', 'HAZ', 1993, 'HAZ1993', 0x00f80d01c82ae3735cc0413709ab7170de14559294a38ee3259d9df3b94827cf1dc9358ba3a18293c671488a039e3310aa34ce34436e689bdf3c59664b723f50826d60ace1a49a3da6dbe572f1e9fbfda07433f2a0ad501b7e7b141e238dee85b1da1087a5d6c371ed6c98abb14120828708d33becd6f9f91e0d14468f72db4010bbda19d46a5623cfea751af35f353effe43215cf73886e32825168b1f3070f853c1bdf941d6b8792fc08e4c709e1f8d3b2f371127c0037bad26d8f5111c492dd2e9c8bd6283e124ed45386ae44bcb00c086c9158bfc23ab2278b14f5cf2a6121c57ee8f759db44376b6aab88c8fcc239e4ef81077f895c1f0cc9d7e45aa402a9f0bc6a84004739a4656d3a61d33b3df06f00f82401c82ae3735cc0413709ab7130d0145592598276af9e584c2c5849b1e9c9c0f0781ba7398cdd5c51ca3757c9896cd18e12f66d0e7d3913ef0a2f9cab3727572d4d7ac3e258c8ca38bde14f47abc77daa7d014161d4b82d98c9ec672059c5434ca9058e76512a87f5f5037f8f95020d7f124df7a7d491139b4d24cef498f14b08184f343e9d10f2b7780b8ba0c70b5d5118fdedfd81585c319ce51403169d2bc880e8f3b4071aa111da1348b15ebb480b3fe8f7e5e7bb38330f45c70ccc1afb6aaca641529f798fac89f295cec51abad9e291c295054c70f92c07db620f0d1d563cf04da108edc71afc708ff561be68e64a3bf097239678b0abf1165acea4f340082f1340e8552f23b1fa9be1c9ab01856e6b103ac5ab2939db667b310c0bcbf2269151e1d56f00f80b01c82ae3735cc0413709ab7170d4145592484da8675948eac3a96e755aa2dc0e7764e06c05f8807617047f0e8a63bcdc934f2ce81dc27d158c050d5085ff416e58e1d84e80b2ac92262411a5b815b7dde31fcb6bd3ac2a081c571c8627227e12f003f4e42de5a332932401969e6ec7fd09b0b3e8bbe93fe37c8542138a008f47dde0fc18e7dff8b868e9cc12205b16adba48d1a4ea492e699f61df81ec15bd664ce3f1aacc5d001eecc812e702c1819497f96acc4e66e5853cb181d8a7175d3c4df5dbea25e74f5e85813ab8c2d3eefd51783e5140f2c725a233f7cf7751072daabd285c6924ae0b4b6e0d0e9ee87c153d8bc9258e1cbdf03eb16fe23b0e96eca2976b4320ca429e7e0ef6256f00e81d01c82ae3735cc0413709ab7130dc1455928747c4f418092b972734b8e6bfb26eec1d61a94ecd8931bc9d0197dbf9719d513503236be3a4a28bb46eeebb7905393c165a891eac7f5b2dc97d81fa8f4d131eade2dc6beffbff39be1e5c953f322d74b12b4585cf0e56b5bd5c213324054f406507de1f34c780d84de817dd980f2c232913d3967ef89f4d36194327d021f44d1ee67e226d5c8e0d640501988f481749911a01c6f4c41f7a3b01436125d74571195e2f7cbeafc92469b829db900d8acd43f192fa928426d56e2d31f69659ddf55e1072f90bc89f5e0c4d1d4b533406e3e08ec75f7c69bd79e9c179cf66146e53e84713957aedca188de5c612571a617354e3533f40cef09f7faa6892e08a47ff26a6e781abf7f120b59860306e6fcccccc000000000000000053019d000000000000000000000000000000000000000000000000000000000000000000ae00af000000000094cbee08000000000000000001000000000000000000000000000000000000000000000000000000ffffffff0000000000000000000000000000000000000000000000000000000000000000000000000000000000000000000000000000000000000000000000000000000000000000010000000000000000000000000000000000000000300f0a00300f0af800f900000000000000000000000000010000000000000060003000000000000000000000000000000000000100000001000000000000000000000000000000ffffffff000000000000000000000000ffffffff000000000000000000000000ffffffff000000000000000000000000ffffffff000000000000000000000000ffffffff000000000000000000000000ffffffff000000000000000000000000ffffffff000000000000000000000000ffffffff000000000000000000000000ffffffff000000000000000000000000ffffffff000000000000000000000000ffffffff000000000000000000000000ffffffff000000000000000000000000ffffffff000000000000000000000000ffffffff000000000000000000000000ffffffff000000000000000000000000, 0),
(5, 'SILVIA MEJIA ESPINOSA', 'SILVIA', 'MEJIA', 'ESPINOSA', '2019-04-22', '2', 'simejia', 'AAA', 2019, 'AAA2019', 0x00f83101c82ae3735cc0413709ab7130e6145592d2e0ac3034a912330ea326f05453e338b9fe875f676919295f1f137b44b6eb7c70d1cb95ed4e5d8828993e0ff99c5c990df18f6057e0adc1b28748ab118d8c74592172dd14da0ec854451aaccbe4577bd88572119279a443fdc5c4e227d239b4d46f8eb55f5708609fd849766b620fbdf8b308f12acb22f9703af72134f677f097590b1e57bbc3fd7884cffaaa9910dbd77e874f82eded902eb251fb1883949297a309447582a2a1e2c833fc57401b6d2f9e31661eb42466c5b5c324963c1b01db972ef72b45c26a0a760b8b9f8326f66ca7085dcff61d9ef94aad2e7f87de636fb94ef78fc119a1ef4fb1f6c11054c7723b0a375a51cc9b2fca1b67337a9ba6f7153de954b6b962c2e06008887139a913698f413c4e9606204ea3af2dba4bbd6b6f00f86901c82ae3735cc0413709ab7130ff145592bf57cee7bafc97de49a5332f5457c6de39aa3894609d915e5ed7eeb89bb3adc49bace2534d60b3da590cdfbcb5fa31013b68677d28795f2342f59f6858b904c25be80b26602ad0ded2db144c699ebaf539050a20b15a4740833b75ed90d1dce510bcbf1469feb7c93043a7805363c33a4cc635d2088da7657680c5e58795157d44715af153a0c5ef445adee8cee21a2887c28c9797bc3441db85e08a46b9e12f587738bf0504a65cb65078f6ff663ded03c37da71016168c5cd88cdd1322ed0e2e0b23bf630f16188c787bde791c16b07723eb155390c1e7fd0991b9a2ec3b43106c8f106ed9c2acae964e3be32ab1b3390cb16f035e9d0ad76a8d6f78a9a5bbb01110ae7af7ef68d4df9bb1f37ee54be6f42a364841834102fcc82fe9cf44417194ae7b712fe72d4ecbcc82f02bb7b7e4b4cbd433f7431687456133294d5db2581d56e9d66360eac6d9c15bffc7b1845dce7ae6ff91fab0d16f00f83a01c82ae3735cc0413709ab71b0eb1455925129a4be2722c81b85bcc1ac6dbc8ac3d3166dcba5e9e6b1e70d3ed4bdb5bd1bd783aa022ebb32fd7d138ec376ccfb9a9369dce3de423ae81cfb94fd8484b9412178fc1ada939fe70d9b8cd3c5eb0afc8774b25457d6e3b15453d7d343826effea6f409ba66f6f92de6fd753fbcb225f0aa00da3b5a1dc2f33260c33f88d1cdacbe9cdfefba8c29b47c97eed09f525be90e4de7fa7ffbd585c4dba72d7a211985c826c3e27998c57eb9d0c411f88a2c5fbc0824210ae46d6dffdb3e1b50ad807e10ad356f113b5522fded2aaef16b76061d0ed1723bc783b9dc947f9a2778dd940a7d372a652198d76b0b0e92c92df8afb5fb7e174543332a3e2b329f5965f6157fdc08bc55260e7d68ead31a6d49cf090f3b46359cbaf661bc59989dd3c38668bb00565d44b88ebec6e6f00e82901c82ae3735cc0413709ab71f0ea145592184c1604aa7e9486c70b8144443e103b315e679514dda59277ca16dd9926b717aa0525d9b592d822325f45d8a4d14cadadd653506cab05453dd9c71187243b9fc292f2a36ca25d7ee66fc8e804afa6f9d2145a213970f58b3a3dcb586cfaf460b28428e24a205e488411c2ec43f0b3a5ee9e7a94829605ae8d8a6f57f066c86003db9f616907dcee2fa2df0ccbf0b8a3de418de8fed80cc6b6d3e5f9378e659ba48abe2f0ebed88219780a0ca3a385346a624adffd083674939ef77394b07ea5f763e1472593000accee6eaf18ea17878fce1192f7985e74655075dea0dc128f1a8cf76bf305b0a9f3a75c17e97507ba6ed50b93bdd72235ce0a510fb365b40c3158e585d44eb1418c68b5a06e3cfce698ce1dc5d6a2a246656f0000000000000000000000000000000000000000000000000000000000000000000000000000000000000000000000000000000000000000000000000000000000000000000000000000000000000000000000000000000000000000000000000000000000000000000000000000000000000000000000000000000000000000000000000000000000000000000000000000000000000000000000000000000000000000000000000000000000000000000000000000000000000000000000000000000000000000000000000000000000000000000000000000000000000000000000000000000000000000000000000000000000000000000000000000000000000000000000000000000000000000000000000000000000000000000000000000000000000000000000000000000000000000000000000000000000000000000000000000000000000000000000, 0),
(6, 'NOHEMI MUÑOZ CORNEJO', 'NOHEMI', 'MUÑOZ', 'CORNEJO', '2018-07-25', '1', 'nomunoz', 'IZO', 2018, 'IZO2018', 0x00f87801c82ae3735cc0413709ab71b0ee1455925c8dc2ca6ed9343c97113a22b6d0dbb737b8d823eb6138013f462597b51212f659940e348bf43ac0a25870846c5199e64fae7c3b61d89e9049e71e9bc71759c5d47bbac414c0d2eaa4afefd51887616df5b2f8969782db375843f40bd37988bdb0fb132968d0894bee07d8b9cb4e992affeeead9c3a1f105e718703723b4e202a973888a627bdb22bf04eb99fbf9f8282c0bddab500c401543ee3c2f00c3b281fc4c101b3c218f37ed1efe11bfc4c04b73b3a0b14b2b3e6f4db2787ecf358bbf22fd1c0cd0a753a0b45f7b5cd56d59b0f2791886e9596511f4637d687ab4a8ff5ddad11393c6dc0ea87297854a4006b82d183f22abf21c94e36fce68a3b0523f93f8d3de8d9d56e418692ed9c77b54fc086353881cedd8a58e4a59fd3cb8e261d1a4d58e041438a292a21a76a08f41d70eadb68f96330e40d38847d550921851b708b594ccdf84fdf7b3e251288ad5e411fa0a1e8aeac267fb6ef56e38c3cc50f80b2367c4ab1d9b6f00f87f01c82ae3735cc0413709ab71b0fd1455924064609df2fb6e0a5239070b98c22f4a6d1a16d79392e1e00f420ca600242685cfc801965e4d3e3251cf65679a04b4653d97d3e603370cf23ff1276e64900510e63f00605716ce94cd8a933ef6fe9f70583276a97d2b5e34ad29a1f3b97534665857e689e0b21e0f598d96bd01892cb64e461148b8a0e347351c68dfc758f52c4964d8f6886549696fec7b71691d17488f12e85103c55d4f14c4a83a04df89b6d4358cdfa6d71f2c6af8d20c8e239bfc1666996842251367b511d87a54bb817c4b9592dbff0a18f27ef461181cfb9a017614c423f04b6164676561fadd6b503b9dc8ab13a88f06c67902d91403837926032fb0b624f95f90db10f68866886e056fff42eeeb0a3cd78703d888efb593e8cc4c80a9913c182fe7ae16df8382d87b0dc2bf94a9eb4633659aea6709fb0c1e01c8eaa8daf71809282b88dae2680eb81624084067e0d2cb1237ca6a7d06355023bf65a0ae5457834fd4e12aaa78de8e3f1603f7e12858375ee49ee196ed706f00f88001c82ae3735cc0413709ab71b0e514559297fa5e4e1da14db9fb565dac903a2326bb9e79c1d90de75a0ff971e4f037ec0221ccd5fd496d9d000224f2c8e80decab2a6a2df184729197e0efe9b51c40098b559fbf44bb7006267fed8db3467372df279f2837f5ad90cd19d17d1fb086c364b3af267db66a9a6c9e46c7deaa5b6646baabb480f156580e6e13ad3c3271113b58cb1558ffa45aced00d3ba7acdaca02ed4a9d92f6c4e0d126378918facf90e19132e963ccdf4c4c193397ff8c8bd6ded457ee1555a2e167aa9c1ae868bf6879214fa25e8f041fa3f37e2cdfe8fc1f8c803d922e785b08fb5ce9b0fa69e282d2ffc3a3e5488256896e6e79a0ed1dae4c11c72cb3bd1ff2c022d36b952c074a279dd1d72ddbeef47efb878bba014a7f6bc3b62e24e494c745ea9c480939572f63b465eabef1f1d7f7fae0b90c0b05a855a17233ec493bbe548d736e876e057bc54d3e7ef3b19a2bfc0312cc207de292e09de7c3095c50e0623a48857f46cf31d5496315139641e266c7a58fed97ded9596f00e88101c82ae3735cc0413709ab71b0da145592eb82d43a0d5574c078968c2c1df64c434cfc7c6e259976b223ebba88c26cf550a3ebeb24fbc198873317e6d86dae820dca315006b2fef8b8d37c8e19f98d4912dc72d33f5609db2eba389727a5f5f5d6af0746c0b7f8f90f785c0de8d7e30cda10e21cddcf0272778c5dca6f6c704fd5a3aab62824f1893f0cc89e8463dbfbd65d569f089e07d95e0c8c2baaec4e3d268dfd1e2c5417484902e113298b1d463da6ea0766051e93282897db7a4612138f5505c5aeb66e5a1944f4ee6e138f8b938654e3b4cec046bbb53e2fc6c44c420ad4382ad6d83629be4254a655a26e5cb6e5e86c68c19b1bb7b256b762c58217e68b88593402a988861d3e41aa482e59ee71af8aeafaa5ddb53c7724aa1e24f682e1762783958e7b181c426ba3400efeba06c7ae365b7fc0b409a691b4075ff608a7095dafda4fe1e5df30837193f6afb6f2b15bdf1f6235d1593b1b48389083bdbb76b592e56ee5a77b1e44afc63f16d6018c1ea106ed7033d894a5df2ba82d6e456f000000000000000000000000000000000000000000000000000000000000000000000000000000000000000000000000000000000000000000000000000000000000000000000000000000000000000000000000, 0),
(7, 'FELÍCITAS MENDEZ LUCAS', 'FELÍCITAS', 'MENDEZ', 'LUCAS', '1994-08-11', '2', 'femendez', 'SZS', 1994, 'SZS1994', 0x00f81f01c82ae3735cc0413709ab71f09d145592970206ffd0a6b17467f04be152305ca75729a4389647972f438ff0aef4f8333c7b51317147e373625fd095c32e73ed5cbbc8d4fb0e9eb4ebb6974193789be250635a96360e833157fc4e58d47b03a366f1257634acd610f96a2007a2942f8e19da7109a9c386672f6ac232ac9e4464e99ba86cf79aa2142898585426124b83168b70690b304c44ab0dfaa29c1a1f6795f8c2ed7405e7b5c07f497876a12a982be92f83450a7ba7b854edcb0c56f2eb7f6811c3da1bbd96b4f76ee6438640018c3faccc9b18fc96c279fc526a0e62e1b142929c98d12b1052b5da319caf21da71d60f3c9ee9a12b72fa4e4e8f5cf4ad21c92a157cce695108f3801467df2afdf541bd9a4bcf9860ca119df6a009d7c26f00f81a01c82ae3735cc0413709ab7170e61455923d7dc1f32b34e7eb4257e0b6a368dfe9fe37bac662962b5c76c8747d070d4c4b3b7b8af513deba64c5b6d2010dfeb2e5bd9ff0c80ac39b4c57e6baacdf9ce10e0ae5b91c5900ed8ca82ee5a3a4437dd3b56ed0621ed48a7e015aa29847af82792c90ac2fb4367c2d6a403ef5cb1f357cd8592fb28bca1db0de75db33cbed1b12fdf48d83feb65d111045ed86bdc96438f37dcc7bf514e582919b48305f4e0165636aa2c20df36414dac7fa3b4bdd3a419113de9bb0fca3bbaf4f1f6c36b99087a85e74d5f941245169d54c6f3be15c3e5c5ce01a3a4e28568deb6e9de5209fa02f7088fd8e56a839bd5e777bc44a1050bd579f64705cf0de69df62889b52b055631f3fdbd4075795be4c6f00f80101c82ae3735cc0413709ab7170f91455926b4c235bc0f67858223ed922aae9f6838db641a056a63424d92125fd6b9e649afb8e741aeecb7c5749c80cf25cbff2abc82d84c3050bf967e2303f61d994ff4a5b16a5e26fe8fc49ef06b6cc08d231c6f819626c57c797090a7f64a1f78c181b0b5e73b12677e44f828eda77963ad78615d6732250a13b489ad61da8ca0b62dc9beaef5c46c4f7c766ccfd816cb82371fefe50e90f7d34bfd9c64149d1ca879ded49dfac8b6760747c714b58c46da4b3bddfa86ebb0a9ab94f1fdb9d67e2310c65bd2b7f3cb9f3c6d80a16190792aca69cab3b01843bd52ff86e5089058e6a22d85f52be47a6798687d41e65dc34d96fab6f00e80801c82ae3735cc0413709ab71b0e214559275990edbddc9670eb235c6313830def01234de46363202319d70d9df9fe5ea0b33c0cd91cd703710eb9181c0b1131faa0d72a44b6599962a767dc284f2279a277a9dd561e5a9b71ada8c1369cbdc6f24c61cf868f2911ea207723ea72b38fb4f2f54d81ebc24ce9f8f9651cb97f58834c2bc902c0cfbaf40f0878bc18c87652cd83e7044e2d89549366068ee34999732da035e56f081543950755fb0eef99328074a9b417b6fa91e0951d4967f255208d44238b7052d648258219da47e651983008c810b564ae1752ed6bd4de24867c2d1e1f65f29b8b23c067e57f6c01b0945c1eeb37677f5462fbedd4efa9c8869a7fc686019a98f776f6f00000000000000000000000000000000000000000000000000000000000000000000000000000000000000000000000000000000000000000000000000000000000000000000000000000000000000000000000000000000000000000000000000000000000000000000000000000000000000000000000000000000000000000000000000000000000000000000000000000000000000000000000000000000000000000000000000000000000000000000000000000000000000000000000000000000000000000000000000000000000000000000000000000000000000000000000000000000000000000000000000000000000000000000000000000000000000000000000000000000000000000000000000000000000001000000000000000000000000000000000000000000000000000000000000000000000000000000000000000000000061e1fe2100070080b8852474000000000000000000000000000000000000000001000000000000000000000000000000000000000000000000000000000000000000000000000000000000000000000090bf2b74000000000000000000000000000000000000000000000000000000000000000043000000000000000000000000000000000000000000000000000000000000000000000000000000000000000000000000000000000000000000000000000000000000000000000000000000, 0),
(8, 'IRMA ARACELI CASTAÑEDA', 'IRMA ARACELI', 'CASTAÑEDA', '', '2019-08-19', '2', 'ircastaneda', 'IA', 2019, 'IA2019', 0x00f88001c82ae3735cc0413709ab7170b6145592e0300c7729dafcee49283419f59246c7765845b54db91aaaadd646309e87e5df1dafdce8f4e0eb88587286064d2ab6bc6be07be4ade4c3299568a796a50ddd7f7333ad9a11e8e7b5d34930ba2a9ef6dec5b19b3d7701fc5098c29a8fed7ea10021e444484cb00f5af9e7de125c50e1e1ae94b09b2a3185e07d4bf64e6383ec42cace57812a660e97d1418f35c78e3eb6587592d5b2e9da96a54045cd5347ec8e8de0c87770373083b7ea5b41890ab671d5e9320e4f2fa9423382110b8019b8e918ecc3f4e6f4c1f3a67a661a7b092efe47f8804fb765eb66b348d1e7e9d23e010fa7c7680917a6b7e7093c512a14d485de5f9443c9cb0a22749cbd450ea05d8f5b7f03dc5db246bf45d08680626631b4766e59a949aa0ab24d9933f3b376dd9db020b669821fd1b8e7b1a5d72708a65792528b40cf0ea6af0955e1d840db133b6a1ba63834a25277aa3ff3f42e9c0cc4bbb3e73472a6c34a7ef1d3c02e2813a31f6362be347e1bd1e854984dfdf4b40c6f00f87f01c82ae3735cc0413709ab7170a014559241967ead985be2f9d12f9d88e5f27213c4f55e484062b46e2ea37f8c48439c1501c7f25724f9c6c454ec48d49c0f66fe2eb8aee6546a6ffaa8e912f1675fec0013f6813c191a5e599e6527e06b5cc51ee03932ed61ed22cc29a58da706bf1cb1bca90ef7b3601f253c05664515c90558ba1bfe5c552e9924fae5c2e509e7f6a533018f24697ff634545fcba38eb032cd2a65c8e90ea61f7e7d9abd271ff805d9b9b11a9c8e09c676ebebad115e70ad2ff25cc79b57c1aac9b6fff1fe65dff8cd3014a67dc5b62b9504d4909943d708f07a7f24d9c6749e96424ec481a9df57365f0d754bb15ddd7076fcb7a74b43d175210a2d07f92ca12d47857bda444d4f7015d3c0b2bd7bae2cf6eac3177a083e93d26f527e19e448e900f713d553d7774ccba93110f1af4a122a3cf02850da4eaa3d338f96b256c8de074251b9abf332b2e6241ef283d8680c3c9574a3e5076c0dcdbd88f06195d1d7b2a8b405830283c3de5d2f40d1afc31f9b43571adb974d6f00f88101c82ae3735cc0413709ab7170ba1455927b4c25393942ec6c4f0b54c9ea4c9101f72761632ab85f9cc125607c7c01268ff6eb23f7408494c62f9bde88097843da31e1f091c7c7a7009cc00985d023ee1195a9caaa756cef1822258019e44df0d8f7f28ac8ef455cd3da1c2f8a6a71313623ba6785246ca08e25bbeff93690fa9f963bdde710dc9b93ea34d455cdfefc7585eb64942c9ebf082da4e8c7be3c42911bce6477b92d8d1b725907539cf339db1feee89eb08e0a091bbf8c6e9ecf1736f30c94828d6683ffcc9cac1356ee0c2d675c62416caa39d1fdb0e047486ae496e2ada224cbb9dcd594772e1c418ee8dc01a514b5a6d8a90b8bb9561f5e21f65ecc286d3ab13fb3caae5d4d909843f3f35c32db8378d9fa2260a542ee4cb32117990bba56e3106f93a96ec0ca0c0696dcaf2fee0e318cd009b06e46d833c1ec357644e343a954e7dae986252faec235dadf2e7248f82dbca0d46bb3c8b96d3fa6ad99aa2cbdf1cfbdb2e02145305456ef2c970749bd3fe05ea4eb4068a33d465c776f00e87f01c82ae3735cc0413709ab71f0ba14559264f387615cbbd71ae4efdb0be07806f7cbf3884b1403e4cfa8982d7a59277f83b6f4960e1d6d1662fef23b1f9b4a1cb644a60841c7c980cbf32d4b2eb94feafb524fa53ffef1f30186b192cb9e046056686acb7665c899aff5190eef34204db68c0898345eb0785bb152621788152bc957ad09e4c89a2e9b148c7f4152271c9765bb86bc9e072c9ef78dd2a8142e26584ace577ea6b6a216fcfc75d1a748dd973bbff5b94e7fac84af71aa80dc10a9c9c84ed374c640aa480c16e8ac1504395977024d579f37841b0f428c213c32917e60bb9383f065a25778f41d40cca729b03d8fba5c3afd0a1437768d354a2b79b5aca72b35359cc18ec40529cc971ef150cdbc71c9749c8e21863e963a3bfd1f27a867afaf67959bd183242740a6954932668739db5d6ac39685443ff91e8b89c7b654e9fea1a2aa1d6a84bdd47f08702ff2c6da2d5fa31f05dd9e0d7682baa5efe650d4a3d566f5ebdd790a114804f14330b11efffc9ea70fa7d8db7bb9ba4d6f7288374772883747729837477298374772a8374772a83747728031477280314772b8374772b83747728c3147728c314772c8374772c83747729831477298314772a4314772a4314772b0314772, 0),
(9, 'LILIANA QUINARD GARCIA', 'LILIANA', 'QUINARD', 'GARCIA', '2003-09-20', '2', 'liquinard', 'ADA', 2003, 'ADA2003', 0x00f88101c82ae3735cc0413709ab71f09c1455928aa99f5a34ac02d2610a149ebbf9bea930adcee581a44e622e89b512f1a44e1d57df53ee9e08c6dd8a9b9fd3aef03508e22f5f117cd13bacaf187daa6c9a1307d98f0974e32fe7ec09ea4faee38a95761e2dd70897a0b58f419d732d593e3634005f3c8acea29d70765b23472100a3ae31b1111d73d61e558932edd686bb87cd566a1e65afcf9005dfd03f369ec4e3814887c85ef92175886332f1572e6bd2ac7f0bd95231d07744ff49348bbd41c8041fb4e132dd8353fa7f0f6db4304c41c2ebbee3a48e764e6e1bf66401868badcad253649dcd693ceefaeb14767db3d7b208ffc7db41943921d58ecfdf96bfdc06a5b560d1693ac6676dde3832138429ee53d617c7cc916f2a216df8d125e9ac78f6f7c3227518d4804f1498f6a1d34853f9fdd9daa904638dd89b37be7776bada7a6ac5abd3d4598ff66a545b516d23ed82c04e1910bc6cb1e11a9f732f876fc1e2bda747cb329299e5edde5e6389bef7888c89376a3712c88cd14e74350013478f6f00f87e01c82ae3735cc0413709ab71b09c145592731d8169e30a5e6b7531888121c136e686b6f20f74eb4da6c94a9a2615239530bd515db1d227fc9f572dd5a9333362ea849ab8c0f135d19f25d48208dfdaf3430bca61793d8906ad1350dfd7bd799b591a3614538d883e67a52041b21d070796b33a8f3895e0ebba2fcdad2763fe0b329747c0c2050fef184dcc21c0ac54d31dbed85a14b691a4762ea87b28bd044885718c9e6f6bc313c067f509231db29343cf2b2c2529921745ac9d5c1d8842908fed874c591bfbc0aafe9786fbce8182a4a6c5ca5b0d61a5ebc35c4ad738f4418778ea53e1158fb3921ceaa77a3f71cf24c13312e56d3770c0964e8c7d0ab352d5bce99125b51e68ca011023bc34d551d4418b9492d42f8fe102091acbafb77a87768b589855361a49add2acf23037be84f5e2aea0b06bfff7a7fd5ecfd89afdecf0f4c749f5cc92a8e525e4cb4f5defe826c925127804a35f5aa2f20b65f79c31c5c3aad126b2f89855dff858d4103a4efa4b3708d53e23efca94498e08386f00f88101c82ae3735cc0413709ab71f087145592df1236cbc5372a1dfef199179f517a19a5e08d7963ce8ded32b52e67e26865795e1cc2373c9873fea4f89649ffec31da25084d1bf8be6cc717488e87b98d110e670acaf2ccf8552dae98df42ea7a09015247feda9b413bbd236de615cdaf07bdda149d8b40f4d3d4270508c7e1e434c61c05ffe30daff1ef3e87d8d3e743619c1102fcc4daf180f33ff46b376261f360e1df5fc976cb1f59399f99c57925984f41dc15355ccbe2885569ae6b1712001c5be8ce72153e0ca4bf6f966a6b095ca4a67b961dbc6e44f0a2b658b4f947ada4c00503cc40cd906b9605ab978f88719de43f405d5ce938c19b46636052dbf1ad2120f80d3e6cf3bccf84051cecd1b2475a991a078e296e232574db4bc711ee236a436b8314bd2e5f2718f89480b515e44981e6574bebf1c0442c10e402c813351f356a29d046f3003e787b7b46d72378b46b61d8227e67052fe98171c6036e776d8db894b6e7d34cb5f04c865dcbc925244a49e1be0886b8d8a86afad54763b0df6f00e86e01c82ae3735cc0413709ab7130db1455923d5a3066b6cef6ba032d26d40c4ca3f3ae58731b9bf8e914ddfd97db0fa70097b1964a8222f14018638566d34a95050cf2ef578d6cd94e9b00367226eb45eaa2d0237ccc5cc09052ab2fb3e13133983566341a5a07835d1ce6a16f2186f9df2ac4ff8839578d81a59b7472ceddcf6e1b8971a299efa87508da7792ee5817ffcd62732aa90421abb6dc644e5fd0b4d60bf9b153ba0f0e2b92887a5a320937c0217373205b13ed9c737121a32739bebaed42362fa0746ccae8723b5bd8e4848ec3b6e317ac2780e4d40a5f58ccfd22336d78c9ee9b72345edf61caae73f5e22319a29c7821f7dbf9e22cd212a5e014a724f40e7bd5ed4fa8e5794a2021705a7840e8f0e508b28ae5784479d1459c027b021aee117f526da13488ecc649e49b3c1d3e12a2b0a35dbcaf8a876a171485a8f536cc082d4d4681bb08c97ed41a9bcdce6462265824240c503c450a428f7be94fa5d2b6f4e0ee66d91360f51f4afe6f00000000000000000000000000000000000000000000000000000000000000000000000000000000000000000000000000000000000000000000000000000000000000000000000000000000000000000000000000000000000000000000, 0),
(10, 'ROSA GLORIA RAMÍREZ MURILLO', 'ROSA GLORIA', 'RAMÍREZ', 'MURILLO', '2003-09-20', '2', 'roramirez', 'AZO', 2003, 'AZO2003', 0x00f88001c82ae3735cc0413709ab71b0f2145592d7e1f0ca893961dca404dc88e60a2c78e78af3b2b1217874c7af072ea34bb6bf648642f0b62a545086630d4b778266c17230228467451bc4b1a42d690d9cd1fa7584cb1c6b54170c0824dde689ebf54929e9cb9fb8c5bbe5b31d5b233d3b956f0b986fb3c7775d95d252523770a75d3917782b9c39f40da1490057a5cf30d5050b02c05434f986b74ea61e1e26303e3b98976effd18a1da5ddc53f9828384f901ca1e455bf0f6b35862c7b3483f7a6bee87a6e7038f59cc1b197b549d5813c26f87c2d749c49a34241d205cbb72b802ff3d575543e5ce73a604f965eff2683365355536ac7b2656b5df4dfd0599c6553869cfc9c21238d0d5b3126deefb57c3bd5fb04b245135b9d36069ac8392ef193a5419d6ec4ec00f648691d0ae7ec2f6e7aba4a6496e1982e06acc488818aa10aac7946e096d012ccd011ca06729ba54a8b3745273639e0394c2d4530e849201b9f9689e9b006cf3b4abf11e7a6216e360f0669238266b49424ce7926dbefdd7d6f00f84901c82ae3735cc0413709ab7170f8145592baa94eecfaacd82bcce9a537f1d1a067f3cfbea169a811e27691274848e88949c91741b2d489775f992a1417c0b6ccfaec7451dd9188e90eec87c8b5385ca4ae104b3836d0097edab023d53121492e2ab9604bb6cde98c6ea4349abcb3a53a4e25a2211b4bdc4cd8549a34162943e9ae95e3b3c420e507bd2585094ebef4e3ee275f43f823f868c60b1185948dc2b57c8b5b1970f1761d49da1e01a2496b32f0ea2970132466dafbbb9b7168af8fc76edfc4923c86e3b96a5e7b0bc03343d43b02d27049e60f68196bec321a961c53a86270227e9c52c322802afabae79aa66e43b4c9f4039c1de4e8a30f6a25db2711e229a8d1db160ad8dc323d26697dbc269fee24f3f9374eee1bdc92d314d878ba1ab5500de6cf3f3835c0b3add18b509cdd085a40f1d99be636d64312e3d7570e8c04c3446057305a466f00f85901c82ae3735cc0413709ab71f0861455929ee0017af0e497dfdc5f0648c8d10fde865fe63431b7aac5598f160e8591c6a729cea71f2bd2f32c2c0081b33ccafb320d30d7b8f801ca9af654dd5dae0f1f4c921b2a7ceb5e0d248360fec02fa2f73ad878aeb3b92073f6548a1b261674fe66fbbecefdd9d20754186aef65d807697ffa53a8911fabccbe0d5331343f4a5b0f0ae209e0764469b5cf29ec841a264afa61dc47ebda819ee3904ca3d557b92fd5c9c643958fb4037092d7156335abc445550cc52039e398092a262439b645994be03a84b79b859c223c6fc6a1fe04077e1a3eb5cca78d623cc09ca135c27361c2738c2a31154e28ceee528e15498c22391b12964c9fab76eeb44dad4da5bfc2658c023523b22c8b8af722431c90d6237eee967d3dcaf2b8ac66abbd5a1dd53d42e220dea770413b5815293fafbd5c9109f7e414ac32f8e5f509cbc1bad469bff48c2ce7484e74e48f8a6f00e87f01c82ae3735cc0413709ab7130e81455921aaae07bfe98f3c8e3536e8bb925f15d7f43c34e308e2dc00d763dafb9868a332d1d341c44bc9114305e5de2f50b77ef33325c3ad65cd581b1981c941d07ccc1999f6593f0aec5e6671d161ceb035fa146e15f42e017df837b5825dcda3ad34f3808942bdf09be9c39fcf1107039aaed257953d2298264817000189c4552282324c39bcb84e749779c5712e0d50396e55d2ad503f869d170fddc0786d31575c02b3fea7aa321c01cba7e9c3c987cf84a64b745aa4e20ee5bf80b7ff8617d3e1a825a5914053be3009d7d0884c4843c55747cf615fb531a5c3d9bd335a1a5a53bf8483484d07b5edee96a86ada06c3c0b019a2b41e16febc978ce052b2f56b4e2b02c1612e03bcb7c8cd2b026751c05eee6c6531764df7b0325c8b31ce8ca4a369a93f54fcfc734fec2ca94ff9b43c5a919f78899cac007322cede92ddb52c8055c03dac0f7814576c68d6994eff8e3fd9c3e853685128e6994297caf43c1859cbd6aefe00803cc1d0a591293bebb1d6f022859ff022859ff022859ff022859ff022859ff022859ff022859ff022859ff022859ff022859ff022859ff022859ff022859ff022859ff022859ff022859ff022859ff022859ff022859ff022859ff022859ff022859ff022859ff022859ff022859ff022859ff022859ff022859ff022859ff022859ff022859ff022859ff022859ff022859ff022859ff022859ff022859ff022859ff022859ff022859ff022859ff022859ff022859, 0),
(11, 'LETICIA AMBROSIO RAMOS', 'LETICIA', 'AMBROSIO', 'RAMOS', '2020-10-09', '3', 'leambrosio', 'AOS', 2020, 'AOS2020', 0x00f81101c82ae3735cc0413709ab7170db1455921ed7a667f75e06024ebca67ff67adac5431c7cfef4f8af5d23c69ec0f49768523ec4acdc125dc0812319704b61927839956b3440b48c1a73b0752ab57344bf535d7203a159068f75ce56c0fdc6c118b7263bb387d007ac171566438ac8cb446dbbd3d68273d95b4b928143695df425ba1dcdae0e360cdb45f19746ca4bca70e7410dbbc4d238dc949acbe4da19e334588501194a4fda452ac5ec9a989138532806366d737daab72b8f0708756ac5c033c80dd411a1fe4c14520115b05dedfbe5ec14ab1e3c0660fc9e6846d3499ace7665599859abcd1d9f84162606ff80ada9eead8a17ea8b9551dab3f68e5ef66bb71c4511c4990c0ab01a20901ef2126faf626f00f81a01c82ae3735cc0413709ab7130e4145592c7d01268cde178733d4876a37af81a02dc890c1ec6d7af47930d2d60f72ab759eb6592f31f61bfd08ef87dbef18815c18db9800ac71959d49a555b596c5d2c4bbd30d17b22087dd1706b4053b9b2805b4748765bb808b40204322f6cfb6a3a8e33052cdb50fb19268825f9aeb0d45b56271e25064d2bd69deddb61beede2567a239b427d20318ff69b63aac8d9fea4c5802cafa46f62e5bc396c655acdd5745ed28934634af15d4ca3c1bdb1083c6f0abb7fd03fdffe7cfe0b67b5136ce79432893aa3aec850f4993f8e80536a6ef3a6265bfde9d2c4d5e30e46f6d952b4f28260fdc553c88a5b161731c2a0590fcd4ffdffbf26844a5f24de0c4065ac28f37b6b1e6d34f86440b5dd366f00f81101c82ae3735cc0413709ab71f0e61455928d364e1bde5dd5f76381f7fbc2d122338e44eb2a42ff0a4ab39ab5d8d1f8fe7245915388c502b8b7489e228faa7f5345eae956988617e60e76ffa61676affa9628f625f6f835147232efd16af07d5cc3f4e1e034bcbe0ef1b0d7e24d3eb05af1a03020178a0857877799509a7a45b3f07ad1427d7e5486100b880e240c15297481b5049a422d5d11767b1cec49a71265f95622b9b46bcea6c986b299ae174c2b67742b24af7b0e7957a97fcf90f2cc8cd487181f47d32bcf7a457605086c0fe226d47a94645323807cde7d8ee379858b79be1e219b2191803984a2669c1e9fb542a219b9a0a0c809fb127d16dfcf48d8c7a18a2b3b3143bae8cce9acd06e97c3236f00e85a01c82ae3735cc0413709ab71f0d1145592a3d2b6d7a0fb9f1f56b222ae4a2fdd1939075acdc03dac38b5a8e4d345ca10f48757f36ae0e208b24df8c3c4a3ca37514cc59e79b7964d7f5d3475c67020a4118d853f69f6222de0d050bff53ec4cbf3415a7ffc4000ab41e80ea72634a8be2891c1bba25fbd394412f83a3919aea4d1ba3a95d1d40bdc2427786e9b59d236375e369f846f3375e98f111818499e8e97a5e441c21b1fe7a037af5ca18f3f62ac0c3dbbdd69adc7b7df9500a4fb137c88a149e8a9fe3f30e68458f19069ac929b9075ee852024e001be7a39533b7ebe6b013d6ddd9b8e4ce31a7c714691278928a9c1c6f4e37ec18c80a5f1ac1705aaa1f322699136383d7558ff4f949d79ffa05f0b96753e65674a03b25fb1351721d652b26b6d2396963172da8c3c6f43c492659643c3b985c8e9b0761093c5b0b76b628ba71e891499725d06edb6ed24c2fea2a7c5904e61a180411b6f6f72ec0f6f72ec0f6f72d0156f72d0156f72f80f6f72f80f6f7204106f7204106f72e88e5972e88e5972e0156f72e0156f7220106f7220106f722c106f722c106f72f0156f72f0156f7238106f7238106f7244106f7244106f7250106f7250106f72f88e5972f88e5972088f5972088f5972188f5972188f597224166f7224166f7234166f7234166f72288f5972288f5972388f5972388f5972488f5972488f59725c106f725c106f7268106f7268106f7274106f7274106f7280106f7280106f728c106f728c106f7298106f7298106f72a4106f72a4106f72588f5972588f5972b0106f72b0106f7258166f7258166f72bc106f72bc106f72c8106f72c8106f72d4106f72d4106f727c166f727c166f72e0106f72e0106f728c166f728c166f72688f5972688f59729c166f729c166f72788f5972788f5972ec106f72ec106f72f8106f72f8106f7204116f7204116f72ac166f72ac166f72d0166f72d0166f72f4166f72f4166f7218176f7218176f7228176f7228176f7238176f7238176f7210116f7210116f7248176f7248176f721c116f721c116f7258176f7258176f7228116f7228116f7234116f7234116f7240116f72, 0),
(12, 'MARIA DEL CARMEN MARTINEZ CORRAL ', 'MARIA DEL CARMEN', 'MARTINEZ', 'CORRAL', '2021-06-30', '2', 'mcmartinez', 'NZL', 2021, 'NZL2021', 0x00f86001c82ae3735cc0413709ab7170e91455925c53ea2b401eb1233d55480a2e81914a74e5b6da20d3f148e5b4339bd88dcd9d82861b7163b328d0146b8a2acb183c7aa6f2418b92455adcfac5535c9b2c96aa60442faa465872dcccf3c93f2365553c5f77c703bf9896edf9db6cd3794b10fdf3f4ec49d0dc1efdb36739ce5e63593cf9ade49bbdd3a8e59ea1c6891734aef11bbefcc777dc6afd0a7369e8162b2fa4be541b5d7e3f577b999df9678246c4698b1174e76946378491f71eef203fc6cdd5a0fc5f87712f8df5e0859900b33a3aa773e1ce4e09a05da1e16391a9575fe0643294799b385ffd05b386012dc90382aa744ad66a7808072547895f3860fd54a710053332bd865c505fb33cabfeef169c28cb2e88c6bf706377a61c43e7ef60a205e6b74d0bd6eadcb4135433f31634c2f934b3fccd6484d52d2aba37ee13326b458adf1889cf430fde2435fbf8776b8241befe01e7682feb972af5575e88e76f00f81c01c82ae3735cc0413709ab7130d014559256827d7260595d3c65da28de59bff19069d3f927dfbaf98341fffba25ad32a378a8aec6cfc84807e5792c09d846085fafe795346b286c9bb3a9c22b680a5fec7309e6d4a284b1924d95481efd925f43210828637a852d3daaf3d3a7a2c83ead1f503fde5799c6ac8241b0f2456fceb7640be173270c6ea2cde88fef18aeaa19e4d2aeb1d8fc06c947742026e67d4ca77e7047c41890aa4f121eae5e759f86482237f5fcf83606c748b624ccee32f1c9c7876f1fc63a83dd3eb4d7cdcb58da5270bdf313534721bc93dff072cbe440ea278d8a687cd9edf669df166943e19238a17700a8e7bccb5c0bf8760bb7220fb21c137f099ce8d230145d6b0e7df38449ab21ab01fb7fc2c07157668546f00f86001c82ae3735cc0413709ab71f0d51455921ebb4f22f2e3ac4c78dc4239e5c08af4cdc01f844cf89f64e46ea1a30c305dc6793ca25d5e6d848d439fd01c8086ad3159154babb62293801859cec21558cb08a29e69cd9be6d0e66553c60f4ea989a1465f6d987308cb44775ac43f2efd16b53ffd7928dab7c098b637bdaecf31d0bad647082e1b159acee22c41729f1e3df8bc280629d1ffe7b172b1c7311519d92c966d75ab4f67c1af43810016713990c0db3c4337866c80502cfe02775ac62e6ce83a490642ba2af991b56f4c6e57fc5bd8e0b14ca2b0bff18846149f12bd1093d13b1c15d373d86cd33377662bc213ddf2e73240fe0940e272e998362fd820a21881928e9e575dd0e6f263cbdd166707a8fe4c5aec9f6c8b04111bf4aad1ae86a3381915f03fd635994501d74abeb1109291af4593358ee95398aa9dacef816baf7eae853d365c8e11d155fe2c14d3dd4337d39410a59f46b31fa1251064aac36f00e81401c82ae3735cc0413709ab71f0c0145592c1b79170892c9f985b935d3d6fe3458acb4088f13940ff349e464ece5e78c851bd17e320ff79ca20369986fcfb9651a68f2745d26a968e3dbd78bb933ebc4ca4727b44c10256e61b1fd53b8e8810c2fa71492157efd55f6fcfdd2887c30d92a3ebeabcc511eb38085c613f8e61cd2133dbc752f5db91172591d9e2a6617afba282198bc5bf2a98b4c4ee0989e41d0c18a9a44086c289e7eb441eb937b0ea7e2e7138ddcb0f1c67e3659f0ae41760de46ec66ac7dc907ac49cbcdde2d5b839dc2b1907c9eb70f75a08aecdd4728c0080d890a6b8e1c8bc4ea294da05d55ae53ee96213b6ac5b47caf6de586616427d507fc31069555b136548d7df05f76dee80d3f1bcd3d6f00000000ffffffff000000000000000000000000ffffffff000000000000000000000000ffffffff000000000000000000000000ffffffff000000000000000000000000ffffffff000000000000000000000000ffffffff000000000000000000000000ffffffff000000000000000000000000ffffffff000000000000000000000000ffffffff000000000000000000000000ffffffff000000000000000000000000ffffffff000000000000000000000000ffffffff000000000000000000000000ffffffff00000000000000000000000000000000000000000000000000000000ffffffff0000000000000000ffffffff000000000000000000000000000000000000000000000000000000000000000000000000000000000000000000000000ffffffff00000000000000000000000000000000000000000000000000000000000000000000000000000000000000000000000000000000, 0),
(13, 'ANGELICA CECILIA CRUZ CERVANTES', 'ANGELICA CECILIA', 'CRUZ', 'CERVANTES', '2021-09-01', '2', 'ancruz', 'AZS', 2021, 'AZS2021', NULL, 1),
(14, 'JANET YAZMIN REYES ANTONIO', 'JANET YAZMIN', 'REYES', 'ANTONIO', '2015-02-17', '3', 'jareyes', 'NSO', 2015, 'NSO2015', 0x00f88001c82ae3735cc0413709ab71f0fa1455928cef17a4cbc905c1c3e6108599849bbf13436e8ba7aea45d378afc1436b2e2662ece483367a636e73154cec643da3a2a31ddc5cee7c607ff01c510a0e016e1c9bcfd40d412000cdeaab7b614a1a034a3005d03763134eb1d3d7b6bbc4d754ae083e6326bbb4a6a62f2051b2039c7276c4c712c5636ad4d51b1d0c261f6ce2d2b3393d19e3829fc67ec51032117426b8be4e1a26f6d393f4ffab8cffd42454f47c21784373a1258fd0eafd27c9bf52f3735866a981afa94f883761a32e66188581b60ce7fcb1e809cbd0d54aa018a798ae3884164c9d4aa73b955d91eb10724891f21e63b0bf82d5f24cba9d13fd3c76c252f878b3e90a79590be09083297e9c4a446c81dd4b26e07ce5ed539119cc77d49f74e0b8479533896a19644cd331f591af31a8662c6803145eb41968debd753393c5e40b0ad16a4a7b7e3075fc52a0a7ba6bd123f3deb91aae3fe316f50afdd5c3c71e4d6f328f96532f6061090fd6ae3b5e0ca9f40fccced452cce35be82656f00f87e01c82ae3735cc0413709ab71f0e5145592af84ba1039f85d98b826abf47a72d09351834cadb962255690a0a9002948781d57672eaa9d0e3a884cbb54714800c0226ddf28ec6deeda0e7ddc85e98b7f2c767963214540100ee85aa89f9a309f99c6450e4da277c229c2d9e08b62d5276a3bdb030ce8afbc95bcf290fb88e4e42228c90f745c24c2cbcc5922d42c930a7e3b5c21212ba9ef5bda09fffc4656ffe591a6f242c5d45895eee033626a6ab20a88f708224500a1138c1d4dfcc983c6f09ded1d92969cf8e35216da1c810878723b644f90b00d64e1c958d2ea707dda992417c1a8a99dcbee0d07472fda91ec50bec62536391e3389c9595b2419860d3495273301b487397185b3fd54f04370cb469ec6db597d16baaa31d39a400185fe81463cfb19f919823f9cd912167352187e6edaf8ddb9467be2eaf2e10a0ef054b3a1c0c8694f1ac219f0e4ec6f9bfa6c889a84c568eb6bcebfe409ea33f297d76674334eb35b3071f4b776dc16f744b6e58c3043af57b39ea2614fc82b30d56f00f88001c82ae3735cc0413709ab71b0d91455927f82fdec5a604b49291a7d68595e36436b9b5246ef2d48dfe18b08a08bbb55b8e50b82caba66f3ce8a683fbbc02b05690422c11c30cd61590dca6171a478c33922e48a02440bd202d4eaa1f1399acff94876de3f365d8a7458c4733e0d533774481ed57c52a93fcc9569833b3bfcc1fc5d04e4033628ad00f4563bfa3f55fb3f2e7452f5b5f812bf7266571f0185ffc6c9207a02e73041d8fc2aceb000704c9bd4deb4a473c1269f0edfec562418a3ecd63b9bd83db5755806541c7fb9523cc4869ff2c05012496bf3969f68819b795f1700c0de187ee078bffd8c2b8d26abc4935feb94c4adf9e21961b95e6674269a340777a8a4ef8b0b82bc634fcd2153db1df3de16d39912551c38aaf4c2bf6cd6619b31d551591446d265f0a18d2b6b75559d37a00be19ed81c5fe4e56c2e24bbb61060101b6b0a370157db0582f19742e54f5fed3762e353e6699cc21232b7e2026aea34c3547a1bcfe0c652804d6ac8923832680338b812594a9df1b3e164536f00e88001c82ae3735cc0413709ab7130e0145592acc119ea4145ddf11ce0664ce79ec4a340476c2159153fe82fdf81a62a2792deb1298ca77d87ee842e6302c647f9c0973c44a3c0656bb90ac2f3015b70c4bfb315a6f4e4ccc8aa0eeef031f1539981e29dcf995981b42e277601c47e4e809ca4f5595ecacac3c2486f85b13a24615ead439ce34620e634fcb3a1511fb2254384cccdd385793f29d80a11c5dec08af035b2016a3cace9682b0df45fa18b0e5b331b3ea89c85b1960d806e0e7480597a1be22cbb91a69415570ed3a97ffb473863caad3d0ef356c132708a0910daeca125c566cb90f2aa9b5d7a26f7825c17ad90d7ad68996caf9248fab461e52da643ff80e3630814e89bd9c114dba4fcbfcb4afef5a5530522d1e11962f3bc28f80e38acf0bde1abd0520a36edc9580b1d292f35256b962914ac60af6330ac08f8356efae2e87d6a66546038adeb5067c4f17d14a7c878fc5f23a6aaceaa644b7f8157b44a12a9a0d0a51a2811a35865d8423e6f52e75d22f56d658e52b1f12ba6140c6f000000000000000000000000000000000000000000000000000000000000000000000000000000000000000000000000000000000000000000000000000000000000000000000000000000000000, 0),
(15, 'CYNTHIA LUCIA HERNANDEZ MELO', 'CYNTHIA LUCIA', 'HERNANDEZ', 'MELO', '2020-11-23', '4', 'cyhernandez', 'AZO', 2020, 'AZO2020', NULL, 1),
(16, 'ARIADNA DE LA ROSA RAMIREZ', 'ARIADNA', 'DE LA ROSA', 'RAMIREZ', '2021-02-15', '4', 'arirosa', 'AAZ', 2021, 'AAZ2021', NULL, 1),
(17, 'ABIGAIL GARCIA LINARES', 'ABIGAIL', 'GARCIA', 'LINARES', '2021-01-25', '5', 'abgarcia', 'LAS', 2021, 'LAS2021', 0x00f84201c82ae3735cc0413709ab7130d0145592418203968a8347c6c5b50aa3942baa3d97e721cda86d61001a717164e5e499f4f1c222b387f3c55a8eddc84469a40debcdee9c87e98ba2efc1838eccce1605d6b6d0ed6b58081afb34935cea53721c1774bbb55982ba4b00990da2fad724e44fbec20a987a98014a1e455e8603c06c56b5fa7fb4992d02c6efc12d0582c461c976b972e3ad7d94b71553b8d40b377c0e9868ce1356ad5a3c9070348e6acddaf6b34bd4a9ea377da1db7c08794e89d800484ffcf91bacb4859e9377c64826c7a918e88127e8d12f7ef9c26a7ba7161e414d65db2da8df07d795c2c44b60fce3bf0d0e5ffb7d3f019ac900353a6f1fa49e636a64b71104d7dd20a017adc50c68aa53e1b58c8060e2d94b8a01b80334ba91f6d5f79da32cbe49d4acad740668de2288765e1cc31dbdffdc2f64a140eeb8a637956f00f83e01c82ae3735cc0413709ab71f0cb14559233c6340a7c3373ba63bacebc162c2589b2bf2937b818930cb22abd2b7272e2704b5085f84d5056c37ab45db8dc2ee0b6b20bfcc399b13d9ce414f71556362e9ab4e6457a3c04004a71d3a36d4607052b1bc51f36f0c48558e96520cfbc97b7348237536109bc6377ec16da7aab6b78c45da903d6374f79caabbacf12131a49860a4eff7abaa704985d8f41570f31bcdbc2887c701efe9206b1bdae8c187b33461b4e2ce1aebddbe392c711dafbf4713faa8c2940c4bbdf3e7d33766cd15bfe57ffb7b3f06c3a88b2d06cee3d561f9512f109b72ab6063eaae3b2bfb84c18ebec734c35f47d8cdc66a37a3ccc16339a1ae1aa30421b3e953d28cd98284ccbc014df15659ab0cda47d41d82ee85e1305e75b956e55c198048b88f6390da3db69056f5fafd49bd84009cfeaa87481426f00f83701c82ae3735cc0413709ab7170dc145592e9e60c65efd428ab46211f068363b0be26def21482e4bc79c93cfda71a44b9433eb14410c57a48f560a5e3c999a4eb900ab2ecce0563deb9a022081898a978eef0f9f5130b92eb80eeac4b008f47a9edf1676fb4a5e4c78477b0b66cc51eb168a0ff867ea3facfd9d4a03d934d9ab8f540f23e24d13c904c2a59360a834fb54a8f8aaf839bc447afd04f404592ca01d28bd4efd5a7725867f561a496e9c5ba96ff178168fa1e8af81f9bfafa898e472f1679ef8fcf99ee3886e1e40caabef47e0c750730ef097371fefe03c9261fac71b89d025747d8648b384d89582e652dd9853ddf9c517057478f2fd31b7a8d072b4258e0d96941d5ab666b369ac15379311b76e09a032444d8524ef19556874eaa4fae684e1e766cc2adff62855f35f0d787310361a7fdf76f00e83c01c82ae3735cc0413709ab71f0c3145592ae2ed853be6bbade85fcc57a79c89eb9341b54a7b44c1b4147e19ec65b63dc709ab7d17009d8796eb1a490cfb6390bb38a7bbacd9debe52c7d3dc7851226b981c32e513690338e9b2b4811fac18ef0ebb5df38951f781eca4156a8e2c989bcc9b9ccf9b73bbdb61deedcccfea03c5cf718d3de01005c0e153bbe5ea6ac489663eb0c235f1a2aca54a78f895d0af78aafdf7e040af65a26791865b373eef3ca87b81fbc1ec299399866092e43a6a375bc80c1232163b264b56fc7da490ca845e46996f40c7289dda95097d64ddf93b1f86d34c4bedcc53f5853ed28e197dce2eb63a0096e735550201081088ffc5cd66d3966105f7dc4a771aa7dc3dcb751a3878181a5857dd8e301a5b476407a35c396a26ba9fb71b42c3d186e06cadeb46f5e6f328c37eda40f91d8e1dc456f73c0305c73f88e4673f88e4673088f4673088f4673188f4673188f467394365c7394365c73a4365c73a4365c73288f4673288f4673388f4673388f4673488f4673488f4673cc305c73cc305c73d8305c73d8305c73e4305c73e4305c73f0305c73f0305c73fc305c73fc305c7308315c7308315c7314315c7314315c73588f4673588f467320315c7320315c73c8365c73c8365c732c315c732c315c7338315c7338315c7344315c7344315c73ec365c73ec365c7350315c7350315c73fc365c73fc365c73688f4673688f46730c375c730c375c73788f4673788f46735c315c735c315c7368315c7368315c7374315c7374315c731c375c731c375c7340375c7340375c7364375c7364375c7388375c7388375c7398375c7398375c73a8375c73a8375c7380315c7380315c73b8375c73b8375c738c315c738c315c73c8375c73c8375c7398315c7398315c73a4315c73a4315c73b0315c73, 0),
(18, 'BERTHA ANGELICA MOSQUEDA HERNANDEZ', 'BERTHA ANGELICA', 'MOSQUEDA', 'HERNANDEZ', '2017-08-15', '6', 'anmosqueda', 'AAZ', 2017, 'AAZ2017', NULL, 0),
(19, 'DR. GUILLERMO', 'DR. GUILLERMO', 'DR. GUILLERMO', 'DR. GUILLERMO', '2024-05-05', '6', 'gileon', 'OOO', 2024, 'OOO2024', NULL, 0),
(20, 'Asistente Dental', 'Asistente Dental', 'Asistente Dental', 'Asistente Dental', '2022-03-14', '4', 'asisdental', 'lll', 2022, 'lll2022', NULL, 1),
(21, 'Intedencia', 'Intedencia', 'Intedencia', 'Intedencia', '2024-05-05', '4', 'intendencia', 'aaa', 2024, 'aaa2024', NULL, 1),
(22, 'GABRIEL IVAN BLANCO MORALES', 'GABRIEL IVAN', 'BLANCO', 'MORALES', '2024-12-01', '7', 'giblanco', 'super', 2024, 'super2024', 0x00f81d01c82ae3735cc0413709ab71b08014559234554dacfc9433d27f030fb747d314234a273cef5da1a470792fb24b985e2705dd6cc79c260993c2b76a748d5fe9fbe666e6d03275648a871d026bbcd630f159c5bc81559fae6147f826ab48d5caceec7e4c8e015630023831a163745bd3abc900890c704c3a70768b4937cf754b6660add5b0b3feb50675dfcc8aea52a17a8a5666102b8739f5bd73a64f32ab6218f6c3980b3c78f12fca00a4d2fe1f7d8c14d0c21125ba5f52d4f608a6c4ce5dc8ea6af94312a99abb57141e3380c6489990b23bb45b2a74ea61c6a7547afe5833c1bc4f926483e3f4f05e718f92a8f4b99ab8bc1d2b783479e89940136ee8aaa47c0eb4afee07fd75d6646f8ea3cb1a50e4536e4e0ca8230f9579a48fd08c6f00f81501c82ae3735cc0413709ab71309f14559206096d05c57fe0c0869c2011566c821f09dc60b47e8b1f2bcaddb9ecfa20635aa14d62ad53bf6babb8ecd9aee025f4353ce99c3e9d4a8d7f9b3fe7b943543075655bd700c36813ca35a5c604ddabdab289d1647a82d2cc812afd737a464f06522b229c418e9ec6eeab1e837baedc5a91e686f5d15524b0a450d9d701d9e849980d88bfad7685a8dd316923c99952506710b532d35b2bea3e4cee2ede9fd7789038230913d5b8571f5e21bedc335fdc827545f7903e9365f5f38a8cb91d5fa863f3c0477aef6da9512e360fb9588f08df2fa7d284a6a82dcb647c5a6e3bd3cbaa46d6ec6e7c50be0462c8ec86f023a810ba01a09da97ec8c7f631f58b65e1517b6fb69645b26f00f82601c82ae3735cc0413709ab71f089145592af1fcd84b004e0af6b60782879553222c752eaacc13350a90a868f76fbfd2d60b633fc0c3e86e2e7cdda97ec1a8a715d8256560abc93eb2341ec78486a35d14c1b24d1e7119c0f84c996b5abf47d295eb5253fcf48193931cdbc2d5b0ea0445473c85c16338baccb50e4b32c2dd04936f1913a0f0592f6b38e9643f376a8c6bdd4a87ba9c2f29b0691091f45d7070a6123df109901e5f687ae98a6560070eec85d20cdac8d64b15cbb652f6109a8b1e32f72711287221de5cc9db674862f269b08eacd68b9d332acd35b2ae07263984410a37ee3cf1fa046003d7ee21123a1a7c305ab56476341cbbe0c07f115f038544d43d8a51fdb38eb3350483a4c8ab837777e067fffc11c418ef3a47ff572e4f55180ef19ef626f00e81e01c82ae3735cc0413709ab71f08814559228f1bb1b0842603cd6ced3b09d7563a2eba5bad8b31d8c41ecc1906bb759d1f668af2b71f045746e24abdd0f89550875263a151f5ac744307d5641540902ffc057941037b5bd370597632a37752075d770ae00e5231bfe035b5c6ec37853b66c79a692c70b39b597fde39452c0bd4900a73c89b270b9683d7e10ea5aa4ec2e88bb3d02c1f423cd5564a78d94d0c45180c98d20a0c05dd83ff27aec349d06e8bedd8a1d91dfa9699863653c8d5ab3de4205e37ed8abb5edc335222a7cc194b4b21e9cc0a5c53a30643674530bc281a854840a9ed7bfe58db1354ea462b6a292a7438f7c86881bb716b04b57f73ac78dfb1f965cd920a5087a658d38007842f39dd8c3cf47d080657b4f0578bb674e6f5c7350305c7350305c7308365c7308365c731c365c731c365c732c365c732c365c735c305c735c305c7340365c7340365c7368305c7368305c7374305c7374305c73e88e4673e88e467350365c7350365c7390305c7390305c739c305c739c305c7360365c7360365c73a8305c73a8305c73b4305c73b4305c73c0305c73c0305c73f88e4673f88e4673088f4673088f4673188f4673188f467394365c7394365c73a4365c73a4365c73288f4673288f4673388f4673388f4673488f4673488f4673cc305c73cc305c73d8305c73d8305c73e4305c73e4305c73f0305c73f0305c73fc305c73fc305c7308315c7308315c7314315c7314315c73588f4673588f467320315c7320315c73c8365c73c8365c732c315c732c315c7338315c7338315c7344315c7344315c73ec365c73ec365c7350315c7350315c73fc365c73fc365c73688f4673688f46730c375c730c375c73788f4673788f46735c315c735c315c7368315c7368315c7374315c7374315c731c375c731c375c7340375c7340375c7364375c7364375c7388375c7388375c7398375c7398375c73a8375c73a8375c7380315c7380315c73b8375c73b8375c738c315c738c315c73c8375c73c8375c7398315c7398315c73a4315c73a4315c73b0315c73, 0);
INSERT INTO `colaborador` (`ID_Empleado`, `NOMBRE_COMPLETO`, `NOMBRES`, `APELLIDO_PATERNO`, `APELLIDO_MATERNO`, `FECHA_INGRESO`, `Puesto`, `User`, `ini_pass`, `Anio_Ini`, `pass`, `biometric`, `estatus`) VALUES
(23, 'MONICA MARTINEZ', 'MONICA', 'MARTINEZ', NULL, '2015-01-01', '7', 'monmartinez', 'zaz', 2015, 'zaz2015', 0x00f87f01c82ae3735cc0413709ab71b099145592d2582e5a17fee0244e5b465d1a0d0bc9c701c766d257b39315dcaffa857d22917fc615c9e2f9d8c754eebd61a618367d7d3b0f30643f845d2a607e2819f03ca121af7b2bf8f94264e976cf8bb202b97837f985744925ea745c13557bfcb82b367d5f90acac149581384d379edd2a07214187e7914e72f00144367c183599f70b9dfccbce328d5603e76bb8a79e8015b2cf9d148575746ccc9c75a4003aba77dd99dc1246ff827222192cfed0559d668c4a1ad7562915f6e035f755f85ed4f52907b4a250c5cf5e025150fb8464a4058bb18c3bb415e5bcfaf35788fc40c3266b9e4ce506e6145d7fff13d07052de78d0f5237e8a3c727fadb1f2c3a6eab1a9f173ce26cd12b1aef8d28b4f2766e736586a3d5ca1dabdacb6da92e4d7da4eb56026146413a0b79fccfcc9206c48acb4a42770f02816b77ae5f3e285d1c052080703406a06a494429bf84f815e3e79a7c7790c4dd4d3cdaf4b07fcf7f117b09135a6cba549dde20b553dfaba9d1aca126f00f87f01c82ae3735cc0413709ab71b09b14559268a7043a5d2423101ee441d6361e3a23e2685e78749ecde71e056dc0944cd80f9229081d53e9145c9fa9809de727081aa4e729f024dff204e2c476376bb0a7e015bd2403c2d39eb9359be62fe8fe6b93a7237cfc7f5213cb5b0015935c7e8c9e8a7245d1961b3444eba527635a9a55244ec01ebd014e6a3b4c6bcc69a548aaa9c0c8a7aa1aeb055c076cc13b447b2e624ffeb6e027393d98c98bd4b9ca3a061a96acde52fec27ee100bdf4534e79990e11e37b08219949898ee8d41727c75be7bda427ba4cdfd104cecd7a8afc1720a6f966a1c4eacabe47ef122b58350c541d5182d6ec41f93b548a855141b045ee0cf861b0336cb646ad55df20cd9aab4d59d82fad08a1cbe9591853dda9aace23dcd97c2ffef9cd3a077b897dc4aa308bde6c13e6b6882995168a2d67445ca11813936f08d12c29414f1af03996a99dff7e8932cb2c46b72433a2794e9160c18b2aebf6a813c426caf4c68641337c4c247cece7f968584c599df6d491de26b8af6f00f85f01c82ae3735cc0413709ab7130811455927d112f5e8149d31202be363f9e792ebcdebd0213a71008677f85533c0f9572ed90f202e12b6f1acfd85eebf2beb79bdd57fd17ab53cf0ef16072b90d703b2b9c66a62c92935b75c62c73842b27817f30a9873e4bbc0667f5593cbcdd773d7ffdc403605aa74c3ba172d62623d151e9db87af1d8187672f5278e6e3391fc239c8295304b726a9e3a973c4fe965d877092f5b425e55bde3affada6495df186bf81b0ec7ccd0feb479169798f47e65f8c4d4901c0462ec0ce37874763f1b6477edb1896e3bea1509209147e47e9fc6017e69b90dcd7e23772ccf6523d02c49f21502209908a6c48832a016b5897d508cc840fe522cb1b56cffeaac21fb3d84accbd7e5aba6c410b1270b56e0adb617ac678493cc29c302a3f0aea67b3fe5a4ef490d440a1a14cfccafaeb063656824f0be7fa5ffa56de69c366adf453545265e433d7d74de795bd8d23c2d36d999c5c4c6f00e87f01c82ae3735cc0413709ab7170a51455928b5a75d25649c724046e8b4f46838c1dedb1f2f6e392b4b674a78488e74b498275c73c049719320d27baa433bdbda9a8da4360976e50d83dd7fbada93462ed1e1158052b97b12a3e7d68980a9d40b6d7458e9a08bf63b171f22b4ec693b0fb943bec5d0a84b25ccd6bd82233f72226d22b3fceb4a69887864c7914eefa08a3980f5651698bb13b729201bb88b17e5f35d39d15df9ee5f9a90920a40e53ada8873a4c42388e0d114e94b8395948f64914f77ddd4a1a4180069094ad98101b772aea48202f41a1a1d0d7c076ca327f81ecc67665d45b5ca8f1576c84b4dd6619062050eddb99b95b2a8165fea5f06c8dd2ae4a86c4f8f80ebac56fb208e9fcc4da2c15961e02392cfde542f369d6230f6c7fefdad5726e77d2faaeeafe9e319e9471e8eb062ce89c8c43c6a404ae806780a25fac6fd478e6df5d8092097497c99847700a17e31bdae59ddb26cf28045cbd739e7ca67087e76a9c1cfe1c0657c1ac2db9c8cca249102faa7913ff3f5bcd6f68315c7374315c7374315c731c375c731c375c7340375c7340375c7364375c7364375c7388375c7388375c7398375c7398375c73a8375c73a8375c7380315c7380315c73b8375c73b8375c738c315c738c315c73c8375c73c8375c7398315c7398315c73a4315c73a4315c73b0315c73, 0),
(24, 'ANALI ROCIO REYES FLORES', 'ANALI ROCIO', 'REYES', 'FLORES', '2022-03-14', '2', 'anareyes', 'ANA', 2022, 'ANA2022', 0x00f88001c82ae3735cc0413709ab71309f1455921a0d37ac55ca31b6ade524650f1160bb4a9c3b0a85b7d59ca2cc10ad4c5694885f7acab447cd4c96bcea57f572ec21c0deb88e6053832f72995f531e988bc58416ba8b5a3cef8dd76ee33cffc38dbbe41b9ad52fe2b8af1cd52fb80989e634355effc4e8aa54b52e8356e4ae5c6b74bdd09c257bc113d5888dd504ee3fbdaddf26fd22573a498676219f516f85c9c898383429a76e5889423ce91f240c4bd5cc7b66a69a465066b72bb262232003b48ef14eab8481141d527935269d21a7609e5e5032bbc57916f27f6b2eeef1d791e5f0e84d8e26a62dc9a384b24fb929c4d15f41fe58397d382260017370f46704413979cf5b129282031ca17d6b12c72d2c9b8608220ee3813797827e665dec99f6c6105ebb3c9b110f47b5207f2ab78b6d3ac5a2560a1442a27a9ea97f853363cfceac50af4308441478b8804d019a5cb9afbe0aa971e22b4dcdbf154236e8afe44e914fa1fb1984d1d4422bd8344fcb62c1f9a46863445620fc58666380f4b1876f00f88101c82ae3735cc0413709ab71b0ac1455928cc9fc4ed57d0fb42a0f3a33f6ceb27afd9c34395abaa8d878bd08b21863283a0c377b3b65dd0a098f2cad4e5bdf12de4e01b684df934fc720beafe5b6204121ecac63bb05fb44a0fcf37519105e11b5615179e6320224711083343364544b0c37c8b85d791bb3d5a37f570289bf33c6d29e36904a4082dd9181b1a60ca7e438b809223855082c8f2bcac1280450954bc63123d319c0a711aa7784eda2aadcebc94e3f5cd6c39c51e7d416871d498182464d125d3194c37c0c3379cf9842f28656e1888ca03adc7e4319b5fa5b83371d5e4c2063a54a7949a453645dc46a54f23e9cdbbeb23793487db808dc2b81cc00201a1978b3b11d5fc5fb17f03f6475ccd9c9977a1fa5e265ef4dcf69f4b8e83c23469d995b4809227fe908db44f76bc29a4aefb62039c923c5b46ca3e66581488f468edd24191178e10a3d9369d9b53e8ed877301e0634cf6ded2311129207537a9070d17e4f04efdfe9097ed65e8d948b1cfc583a2b27dde14d0d5a01a3948d2b6f00f87e01c82ae3735cc0413709ab7170901455921a8a075c0dcd2123dfb26764ff44393a545f570b74c6fd419fd5c3c5a4780a97f8e2d8d9e5d3fcb11999bcd04d4a7f20fc993b83023516c245c0ac568e09c062f57d20a0e5ca3ba517dedf2b23ec85c9307fb3e3b718f17d0c8a950b2c935a674ec8b95bdf36ed8f3073404f5ff3da4c52b675370472a2b01c818c2701d4a9035228b42f04ea581c43aca676cb8cf6247c9d4834363626d449e2f2da438b011c5c23aa7e3841a615cbd4ef054d1652d5b3432421af44d53ceacc572e6788941ca16595cbd7764025eee0f619d92197e42f84fb3e23bf778d99bce66e165e25f867eaae365897a34ca45ad24406e22dc69260eb948b726a8c0cd3502cdf86c4694c5be048a723953c2c1fc906b551b3b8eaa907955d436959e05fafe60c92edc3e8bd788092d360df54b871547a70e625a69a5848ba3cdd1f2e5d60b89149a5fb334e49ed982386bc4ddab10722dcc31a416dbe228e8909b233a14c2baa831d320fa6835e121c5e56dc2909a73e7e6f00e88101c82ae3735cc0413709ab7170ae145592026a02e2b4e8ad67e3d6476d47b84f836f9f99167e65fdd1b25f6ac06dfea37460b12ffceb069c1f278cd2bc0d355537cad505e189bc84eebb7e0bca9cab364ad2da71c4cc442415d04c5440dbf586a031dbeca8fb2c9353d8624b9391aba88b94b88b9d12270c4a925dc92d6cdeb79bbaec7146b5ea717918fd5e3f79013c9bf9c295dadfdb6bef7964dec091bf48b57f3e039d1f1e681378b29ce9ddbc27da9468bf308c0e6ab506bde78a510056beeccef9fdcd0867c79451d3f6da4d3dc9840f88ac2e45eb43164473643600dda94cb4d99b1ebbf5e69d69bc0790dece865dcca042a003ececcef71f42f140d8f5366af3b71aeed783722d858bbd8a86849fce06522492d717298ac281e9dc5e591d59184ffe34a6c2ff45d5da476e0243ca7cd00ca8f663fc6bb08fdae9f40121e5eb74fc64b53e210f546772dbc4c1c0ca7d978663bbba15a9df1023d35b94742ef30e12361aea36ace9cea4f3f34a786a96f493da8eaddc86de12c8fdc59083a46f00000000550000556eb70200a08034071045ad000000000000000000000000000000000000000000000000000000000000000000000000000000000000000000000000000000000000000000, 0),
(25, 'ANA ROSARIO ALFARO', 'ANA', 'ROSARIO', 'ALFARO', '2023-09-04', '2', 'anarosario', 'ANA', 2023, 'ANA2023', 0x00f87e01c82ae3735cc0413709ab71b0e514559296fa7245e8b14bb2709012bcb7cdf7b41c57fa0a1d0bf50dbf1976218668dd84394c1fe77706f02e94f4850d3ffe75db6eded179930bc2ff44de57a126c83b4bdc9cb69a392dd0fe5a03e5f2d3baf5aa34f6f59abed9af3eee5f402b131dae84f8c0edaa1d257be7ac8e224bba9551ef72d7b01963800403c7aa34cfc3071ae2353d3ab866395e1020ec110c572333db3ded82dd09430f3e818ab2e79244b52cbd437972f2675bdfe563067fc6180faba735dac666c2c659818fab50fee7baffdaf29c5676e27a34e501f72c595a7d677ed44e7efbf58f296319b72e6ea3dbca6445e9fe5df15f8d55d8966ae51d754aebae226cf3ba5457908a8272084a3d5aa69ccbee907c1820ffcbe0af9b3f58283c0c2654118e1bcdec29a03e056a7a5cb04c451be340563d0eb97e7e4909c36794278a25f32db774265d73a8ee2bb89513d4d5d5ee23832fab0ccfea83ced710ae5c4354ad06f51619f6dbff06d0188630aa540ad4335bbf222287bed6ab6f00f87e01c82ae3735cc0413709ab71b0f6145592aa5ee641f37bcf5a8fa2f666acd80996d3fb346670e0276820f7ee599bb073146bf2b6458ca5e69057f8ce76b6f027ba7ca00feab6701227920490aa9e7ad1605d09f660d830b6434e75b0e0f3e15d5f47b319d29d3b1fd21623e7e3215ece45c8ff31453c27b4fa5050361a05ba6eba730daa349680006464a70f95773edaeb2d7f08565dfef18fa84d08466faf0e3207f314c092ac379101bdf7feec96e09618230f4859ab930dd722228ee7334b4e37c1bb573dffdb67713db6e9a48c4584355370acaafa2fa368ad5fef3fadcc4ff19ade7996b11d09bf3459ba81578d02106e23f54820c337e55090c64cbc76fc99dd51ba1b527699a21c928a9db408fbc03ad742611b354984a8668fe887c6a5e19679f6e80ed653d4f68aec3ad6c331391cb0fdc2d503bb2b41bbdb358c2244c4319dd7a61adc19b00b4a491591db428bb01412137cdf96af397b88034523c3d2e6cb8899c53b3977290e190d8a206166b1f75cc59b288594397bfc2f706f00f88001c82ae3735cc0413709ab71b0d6145592be74c9235848b40987a595115b922b23861f6e4333132add88a4826ccd4c656b9cab2a063140a9cff6a3a2440787a3e4026d96efb5513c89a3a8b8db5ec684f567c0e2f1450100c0dc766fb5e51984e1cca9d04a914b6722c5a5cd48867caaa3ab200c9f33c57990b46517d5b45ee7c4711ccceaa03c5321ebef625583f83fbdd1b69983cd4e25cfdccc5265db214fba3e41d3733e209ff9abcdf09837839aacd0b407b38d06ca88db07a7fbbc19b4d8fa53312ae69078a0f3656865e4d168c3a979776c3e5b10d512272fad7c0f637cd5b4b525c4c18cb092a8b1ca378d07281b4f567942aff96ae2551c89840e6ce100eb1c75de103cd0f8feb82fb5e4fee0502c0b7fe9fc8f977498d2d284d1c0054f77325f735b9b5fb26905506129115461989b662224dc5f0cd645296dffee4e4a83a823c0643e364bc55c4b14e2a10a02ccf84869d39152ec4be8bc0f94d4842c21ac8b38dcdc11690bf614905c47e9cda7d2cf4c109111a84a2cb9bbf161e06f00e88101c82ae3735cc0413709ab71f0fd14559231c8e5801a14bc7baee8491553fa5a5e2346cde82f06d2f731a9f78312afc08134e10efa14b383ea7de48ead034a8135e09648662156fee14d86ddac3634392dd8ff397734379da1f5eb90b7dc937ab18f0c9300bc2c26aab673689aed68495b4d2c31155da19f8abe455c40049c01322b6352c7612907234cc58961b26a9d82de4369bd6db3758cd6441b0d3cd7a8a501b309bd91f525e951193fe54aa534ff4b2bafb79d450f885a5b015fa121f937671ddaff3ed8888ee97258cfcf3390830315ce565f5722f405f9f0b479ec834d10e3494ee54842822d37ce976ed10bc7f776ce04cf28f94ab0db29558b309227ae832644e94ce8162b003ae2a35d4af084c0e6f8ddf4d022b5bc0e24527a213972bd34915ff11fee0fde26b901fb47e0d55f859d3d782f0fc18ea070348428e440cd9383330d3c371d1d6acdf7fcf39b561586749b8a4762a68adfb3d3804abe8b0b61765a61ec3b9fa8f1354cab05810767266377419c7c0145f0d948636b392b6f0074006f00200064006500200063006100720061006300740065007200ed0073007400690063006100730020006400650020006c00610020006800750065006c006c00610020006400690067006900, 0),
(26, 'KAREN TORRES CORTES', 'KAREN', 'TORRES', 'CORTES', '2021-03-05', '2', 'ktorres', 'kto', 2025, 'KT2025', 0x00f80101c82ae3735cc0413709ab7130eb145592535302fd7fd84953db67e59925808e0d783902ebd230073fa93011f92501ae9fd37ae61e45753b3f72dcfe2fd7a3d3c533e24c0b12fc13a73f85d3b2987b41401007890ebe59f5279e5fef9d58b08f9f89d261c1e2a596d8f7be26abc752e9d5b07418cc7d84fb2de026893f1424cf36b80eac3a67f53a072f59e5fdfaa859289e0ed647f9a77014942fd7ee5ffd3d3872617ca7136afb06c1c927ecf2cd074de746e58da55e9fcbed60d2f15d72c7b1c0ac1388370950fbb7401de78f5764364888158000466809200d726323fc36c7f2560e5154ce9773ac13cf9ceb055e2141ce75862d5ea4baac3e84e85a092803456f00f80a01c82ae3735cc0413709ab7170fc14559212ba30b3bd6d423e63c27d8ea469ac4feff7408a363c6f0962ce3a81a5750f4cab37d44d4f9b6573c9fd620a8b4cfb001833f95719a775a4c88c2732dd4719d60e71a7e7df3ea482da5c1fd738b19756a8f6a8579c2173d3ad2080fb02825bd4e455268706ebf3dc57f8497f8a94d984f70ceefb6cb45129548513ae201b8f5335ab8fa3788e0663a39b53045100059e6dd0a74dae4ac7f4c8501099fc7fa6dafaa3acb3f1e445468ec50e2eb0cb302340a07060353166d02bb9a26fe5d5d54679619d304f921781c18ee8fdd2029370356a001a7347e1c46944e48dc704badc23a9ff8accf506c160497e4ed11faac4101af5ca11a25e71eb0c6f00f8f700c82ae3735cc0413709ab7130e6145592e3e0ca22298d0a3c8412489c9ee416b20aa3f8890a4d1170e3b1145923a12b4aee7d927ede307b6a2bda75da44f685beef09459a0bc2dbbdfc6d281b3f3d55318a938b3d9f300626b5d8c1998be29a99c77f2289b8042cb9bc22eae7566e358e41a539d6a15880403ed25e2b615f6f3b9da259c24abd08fe677aaa0ae0b9bbe41fb164064a42d46afb21e435f42026d7224833ac1dbd2d0c69a9e003025ca245eeb45c90e98fa87b65b11f402353e89af606f84e443992a844f6c4633f6ed1632e40152330d1b63a7e5c8c64eb7b60223adb8e9aa39ad4fb86e9513484e29f0769f0a3dbeb40da6f00e8e100c82ae3735cc0413709ab7170c3145592aff80930c365366b4e592496638da98c64eb0d3e1f12ae508f33b659dcb53a24bfcbc4dcad3e6b2412a11557e038b03e93fb762dd5f647ecc9975745ddf5da51bb942dc61212ff8bf684b299eabbee8d6d8053bdd2057e262f5dfcb8d5fbdcdc3a5e4e8f7d305153b6eb8ac19adecd15fb90c36ad25fbe457b3e13354f38db96fca5ed00ba86810afbe82d81653587c4b8e0cf2a42159e808cda32caf791be8617cbf14ba2c096571d28fdfe0aae05ecc3918a863035f2389f7a848f47940e4e490db88ce2491681130941a966e2ca9d016f4ca7ce9486e39e1e2d46e043e6f47513cbcc38fcb43ffb5bfdc632271df0e855a3396c469802e0b4b1f3a063a8cc3c71c0c1e0ffe55ee51f712fa880ce9486af9f3eca7ebef95f74dcc183a7869f79e5de8124b05f553f7c9673d2b1637ced8e30761eb4160aa9894b9c8c7637dfcd38c5bb562570d2a2d9f91c1fcb49cf4ee7757153d9ac1d777f4344092e709c7e695b116eb81a7514cf29eaee421f00101916ea647085b0f307950b4603cb9bbccc66f3df2c16337f7af6756703cb9baf9f17005212e6280070adadc2492e450e1bd05bce029c8c2c2fb6bb7b181ea27dded26764855325b3d924d762b72e8b7736b4bc18072ad7ce726efa21366bfb81cf89c86234aea2a8bdd96cfac1cb6acdbf1d5a9e8c8b97fa19e3d46183d4e82f351a55d1340d8634aaf7087f89cfdd46a3ddc937df93cee7bc7e90ad160b6ea1e30e4f55a341bf041d06080b674c7436da5d9c7b95394b5bfbe307d992148ff9bf416db3d9fc5d653f3ffeebd5b79d8d7707eb6b1f374af4b5ff67f821a321bf24e1e2336f5e32cfd9f8b2b2ddf785d53193d4e8e30f181e45b839cefd7b7477ee405919df16f4d0d7ae99761bc413ff6b64b6582c7fc77782ffe00294b11365617dfa7f793e5d1d85dd36bedc23c864322125e57b17f56b2eeee28fb4cb546f2727a9d13f647cb7a7102e15f207270e3a77a22cac7b7fbbd4179b158f24f903c599833b9d3b5116d6d7ff9a58ed485bff3b9e47d26eb7039077d506c0e2c9da19a17e99d223c9fd00e45cfe5a01b068e21805c068e38b3d859e36117d316ee8c0b6fcf98d1a6ee1eccc9a7ce3cd1ae0c05ab52610d15f88a895f1c51541ff07e93a088ede9425ba0000, 0),
(27, 'JUANA SANCHEZ ROMERO', 'JUANA', 'SANCHEZ', 'ROMERO', '2024-10-24', '1', 'jsanchez', 'j', 2024, 'jsanchez', 0x00f87e01c82ae3735cc0413709ab71308714559269cd468fae3a830c5399e662cb0ef33db85faa414f346942e0c5cf66fbb73ddd9fc3664f16b5ddf660b41900725106165eed34b0407ae3600e9d9cfd484057bfea72d1c6beed0e8b8fc62804c59e781428b0c6578a5bf78404e441f4f249995657381b196dee9a5de616db7de6f47711769fc338a5049de51ab1a5dcf6932a80292ac52a06545310d3d35e907cbe8efe17e9da27084eba108f74690f26f892012103bb7feea29f464330a1dc77d696e9146967200af4d5e5dad539b2c494b8becfcf6def229c8d0efbea3a465262e1c4157f57965654e266f5676feb79b26caf993ec19fe04617b4ea00431a1420380d26989261f2de0b8b63d889d0ed12451c574e4ff920aff9f8f0f303621c8b1d14c2dca23f4427bde21dec729021016f9c911728929110cb66348852c683a21b2907f357cc1a0661d0e8f5d76e668294970820ac9c62f0d7e23907f9c140e7db1d343adc24e79d154180ca943a62379e4c12afa21e30c27e1140915436debd6f00f85c01c82ae3735cc0413709ab71b0ff145592eaf116eee9e2a2e52414fb6b602013c3edd5a4bda09c3f4f5c7954787aa1dc1fc48e3b2d172548895bdb36b86d79b41309625e6d20dd0fba6007d48010293fbd4b2507336a168e42b71486b16c17787657da082d87f22d93aba205f573164497627617715c493b88cf62615e92d64efbeee4d5953cd17806c1b19a530c7afda58116e1fcf34faa8545b6996cc66416be4fc744936cb8af9ae4f2de10b182b6fb48b98619c1d99c8fed7baa2e97338eef601d6d6d9b6fe884af284a9170270264b87cb4654a39c5ebda9106c3c0e8f9baf89ffcbae6d97c51078265341658943de31b8ee922d1dbd3c00b4cdbbd18b4e35e6fc34ac9befe17b410fc999b3475a972d2c5eca319af26cd3c9db8213d193ed52ec8007b1c507d8e33d5db006ed97d2652f75a6dd2522fdd21366d9291d9f89070c40253963d0095e78d4063c48a6bff39b6ef0d1d77e4e96449966f00f88101c82ae3735cc0413709ab7130891455928bab46d8436d7365dd97f92d38de9412c7340e88a7f325e2b92cff0927a06cc153883a4f91f4f7fa03863f4423bc512153b34b84fab210ec4149f19d148bc0160e0946f545015a77b913f84d847c4849fa17a5a9734d31a3f807f3d25e49537586a8bf634750689129a703d29db951e512b09a9200ea4c904d0d1cf4c5b118bfaba41add1896dd754292211d50733bc2bac1706a517b019f84927f78b57dce0f94ceeb729be7e76cbeb3ac9337448334920f523f5aa5d4642235dcc4b8bf8647dfe7325edf860625695ce75b264bd8f2a031351b137842d77e8bc5c795706521275d0f98a318861f752f76e5f942f4bbc5f7b7c2acf13a665c5ea967c985b2a446dd4e26e23bc617f8f557b5bf8e4e9770c4767a1c0eaab0c466239e07e8910f1e812d0ef7c4974d3ac133496df139b64b723c4050868a57e9f07f36ce104f6a7f7a506dbbc8ea079c35b931063683e43e53d420a53e728aded5e7e4ab781ad1d6d37a2dc35f241822ca998d5f89b855e16f00e87e01c82ae3735cc0413709ab71f08c145592c49d6798a3ba588701e00c5c6b353f76ada71590198d72ecf2335c12292af7e90c21672b7bdadf56715e4502efa15f68461d8cbebc55718610678036571b5bb6505dc332b841352ef5b06fd2a89ca5a30a189aad3bdb5214c6d64cd60beeafcb287c6e810555b0b03b44c2a7598c1253ac00dc3d7bd1b57bf10fd8baac0c793d0799a54d4d104ee88a0262bc6dd058293218b69e3b3cf80f0ac0e6aae978e7715641305e8f9b1c06224a7e2144c2b8eee0b09df7aae42cf0450b88fd4dfa6babafc4cb3234c8528ddb931b109dde2d5fcf6c2c8f6fea34615edc36f88b70a2a097807cbea3524c837ce294428f8f18a4f748529093004a72b1e77a5861997a1a8b140e6e2c82625e6539df62d94f4b0a2a511e06e0d1bd33d2b32a0d4ac56ccec746e0ab37cc76a0862d5f48204319328f8250295e2a321d42492efcf073b8b1ec7eceed272fc12f54bbf86d564741ea7b91fd2d0c0b45ce2d5231dedd9ed24478a65b0c7c7441a3aa309b157d5f6f07e9b3c70330786ab894cddf1d27729f51da511b9c23e488694f880ca02023eca959b2fc95859ace744d4785cc51f14f8a3c79b5b60c3c1a00188db2272686898ce4067297f08e2223b353d9a00a7bb3936344ee312c44e4bd9fece4a8b9c34417f28adf2c92fad0a8c74b0d00f2781c797f5f, 0);

-- --------------------------------------------------------

--
-- Estructura de tabla para la tabla `estatus_solicitud`
--

CREATE TABLE `estatus_solicitud` (
  `id_estatus_sol` int(1) NOT NULL,
  `descrip_estatus` varchar(20) NOT NULL
) ENGINE=InnoDB DEFAULT CHARSET=utf8;

--
-- Volcado de datos para la tabla `estatus_solicitud`
--

INSERT INTO `estatus_solicitud` (`id_estatus_sol`, `descrip_estatus`) VALUES
(0, 'Pendiente'),
(1, 'Aprobado'),
(2, 'Rechazada');

-- --------------------------------------------------------

--
-- Estructura de tabla para la tabla `puesto`
--

CREATE TABLE `puesto` (
  `id_puesto` int(11) NOT NULL,
  `descrip_puesto` varchar(50) NOT NULL
) ENGINE=InnoDB DEFAULT CHARSET=utf8;

--
-- Volcado de datos para la tabla `puesto`
--

INSERT INTO `puesto` (`id_puesto`, `descrip_puesto`) VALUES
(1, 'Responsable de farmacia'),
(2, 'Enfermeras auxiliares'),
(3, 'Recepción'),
(4, 'Pendiente'),
(5, 'Caja'),
(6, 'Médico'),
(7, 'Supervisor');

-- --------------------------------------------------------

--
-- Estructura de tabla para la tabla `sol_vacaciones`
--

CREATE TABLE `sol_vacaciones` (
  `id_solicitud` int(11) NOT NULL,
  `id_empleado` int(3) NOT NULL,
  `dias_asign` int(2) NOT NULL,
  `fecha_ini` date NOT NULL,
  `fecha_fin` date NOT NULL,
  `fecha_min` date NOT NULL,
  `fecha_max` date NOT NULL,
  `dias_sol` int(2) NOT NULL,
  `creacion` datetime NOT NULL DEFAULT current_timestamp(),
  `estatus` int(1) NOT NULL,
  `id_sup_aprueba` int(3) DEFAULT NULL,
  `aprobado` datetime DEFAULT NULL
) ENGINE=InnoDB DEFAULT CHARSET=utf8;

--
-- Volcado de datos para la tabla `sol_vacaciones`
--

INSERT INTO `sol_vacaciones` (`id_solicitud`, `id_empleado`, `dias_asign`, `fecha_ini`, `fecha_fin`, `fecha_min`, `fecha_max`, `dias_sol`, `creacion`, `estatus`, `id_sup_aprueba`, `aprobado`) VALUES
(1, 1, 32, '2025-01-31', '2025-02-12', '2025-01-11', '2026-01-10', 10, '2025-03-22 14:50:45', 1, 23, '2025-03-22 15:00:39'),
(2, 1, 22, '2025-04-21', '2025-04-26', '2025-01-11', '2026-01-10', 6, '2025-03-22 14:58:27', 1, 23, '2025-03-22 15:00:46'),
(3, 1, 16, '2025-05-19', '2025-05-29', '2025-01-11', '2026-01-10', 10, '2025-03-22 14:59:29', 1, 23, '2025-03-22 15:00:50'),
(4, 4, 32, '2025-03-25', '2025-03-29', '2025-03-03', '2026-03-02', 5, '2025-03-22 15:29:53', 1, 23, '2025-03-22 15:38:00'),
(5, 4, 27, '2025-05-07', '2025-05-18', '2025-03-03', '2026-03-02', 10, '2025-03-22 15:35:08', 1, 23, '2025-03-22 15:38:03'),
(6, 4, 17, '2025-10-27', '2025-11-08', '2025-03-03', '2026-03-02', 12, '2025-03-22 15:36:24', 1, 23, '2025-03-22 15:38:06'),
(7, 7, 32, '2025-08-12', '2025-09-08', '2025-08-11', '2026-08-10', 24, '2025-03-22 15:43:36', 0, NULL, NULL),
(8, 7, 8, '2026-01-02', '2026-01-04', '2025-08-11', '2026-08-10', 2, '2025-03-22 15:45:17', 0, NULL, NULL);

-- --------------------------------------------------------

--
-- Estructura de tabla para la tabla `tabulador_dias`
--

CREATE TABLE `tabulador_dias` (
  `id_tab` int(11) NOT NULL,
  `min` decimal(5,2) NOT NULL,
  `max` decimal(5,2) NOT NULL,
  `dias` int(3) NOT NULL,
  `dias_letra` varchar(50) NOT NULL
) ENGINE=InnoDB DEFAULT CHARSET=utf8 COMMENT='Contiene los días de vacaciones a los que tiene derecho el colaborador administrativo por antigüedad';

--
-- Volcado de datos para la tabla `tabulador_dias`
--

INSERT INTO `tabulador_dias` (`id_tab`, `min`, `max`, `dias`, `dias_letra`) VALUES
(1, '1.00', '1.99', 12, 'doce'),
(2, '2.00', '2.99', 14, 'catorce'),
(3, '3.00', '3.99', 16, 'dieciseis'),
(4, '4.00', '4.99', 18, 'dieciocho'),
(5, '5.00', '5.99', 20, 'veinte'),
(6, '6.00', '10.99', 22, 'veintidos'),
(7, '11.00', '15.99', 24, 'veinticuatro'),
(8, '16.00', '20.99', 26, 'veintiseis'),
(9, '21.00', '25.99', 28, 'veintiocho'),
(10, '26.00', '30.99', 30, 'treinta'),
(11, '31.00', '100.00', 32, 'treinta y dos');

--
-- Índices para tablas volcadas
--

--
-- Indices de la tabla `asistencia_colaborador`
--
ALTER TABLE `asistencia_colaborador`
  ADD PRIMARY KEY (`id_asis`);

--
-- Indices de la tabla `calendario`
--
ALTER TABLE `calendario`
  ADD PRIMARY KEY (`Fecha`);

--
-- Indices de la tabla `colaborador`
--
ALTER TABLE `colaborador`
  ADD PRIMARY KEY (`ID_Empleado`);

--
-- Indices de la tabla `puesto`
--
ALTER TABLE `puesto`
  ADD PRIMARY KEY (`id_puesto`);

--
-- Indices de la tabla `sol_vacaciones`
--
ALTER TABLE `sol_vacaciones`
  ADD PRIMARY KEY (`id_solicitud`);

--
-- Indices de la tabla `tabulador_dias`
--
ALTER TABLE `tabulador_dias`
  ADD PRIMARY KEY (`id_tab`),
  ADD KEY `MIN_AGNOS` (`min`,`max`);

--
-- AUTO_INCREMENT de las tablas volcadas
--

--
-- AUTO_INCREMENT de la tabla `asistencia_colaborador`
--
ALTER TABLE `asistencia_colaborador`
  MODIFY `id_asis` int(11) NOT NULL AUTO_INCREMENT, AUTO_INCREMENT=188;

--
-- AUTO_INCREMENT de la tabla `colaborador`
--
ALTER TABLE `colaborador`
  MODIFY `ID_Empleado` int(3) NOT NULL AUTO_INCREMENT, AUTO_INCREMENT=28;

--
-- AUTO_INCREMENT de la tabla `puesto`
--
ALTER TABLE `puesto`
  MODIFY `id_puesto` int(11) NOT NULL AUTO_INCREMENT, AUTO_INCREMENT=8;

--
-- AUTO_INCREMENT de la tabla `sol_vacaciones`
--
ALTER TABLE `sol_vacaciones`
  MODIFY `id_solicitud` int(11) NOT NULL AUTO_INCREMENT, AUTO_INCREMENT=9;
COMMIT;

/*!40101 SET CHARACTER_SET_CLIENT=@OLD_CHARACTER_SET_CLIENT */;
/*!40101 SET CHARACTER_SET_RESULTS=@OLD_CHARACTER_SET_RESULTS */;
/*!40101 SET COLLATION_CONNECTION=@OLD_COLLATION_CONNECTION */;
